  295.67, 1003.00
  295.94, 1003.00
  296.21, 1003.00
  296.48,  987.00
  296.75, 1125.00
  297.02, 1461.00
  297.28, 1635.00
  297.55, 1937.00
  297.82, 1809.00
  298.09, 1361.00
  298.36, 1545.00
  298.63, 1781.00
  298.89, 1603.00
  299.16, 1478.00
  299.43, 1586.00
  299.70, 1775.00
  299.97, 1560.00
  300.23, 1388.00
  300.50, 1561.00
  300.77, 1887.00
  301.04, 1729.00
  301.31, 1472.00
  301.58, 1503.00
  301.84, 1912.00
  302.11, 1863.00
  302.38, 1552.00
  302.65, 1712.00
  302.92, 2009.00
  303.19, 1812.00
  303.45, 1555.00
  303.72, 1392.00
  303.99, 1603.00
  304.26, 1545.00
  304.53, 1461.00
  304.79, 1657.00
  305.06, 1824.00
  305.33, 1722.00
  305.60, 1599.00
  305.87, 1673.00
  306.13, 1811.00
  306.40, 1639.00
  306.67, 1547.00
  306.94, 1651.00
  307.21, 1726.00
  307.48, 1680.00
  307.74, 1570.00
  308.01, 1502.00
  308.28, 1745.00
  308.55, 1770.00
  308.82, 1620.00
  309.08, 1610.00
  309.35, 1981.00
  309.62, 1667.00
  309.89, 1403.00
  310.16, 1443.00
  310.42, 1573.00
  310.69, 1512.00
  310.96, 1300.00
  311.23, 1434.00
  311.50, 1815.00
  311.76, 1700.00
  312.03, 1482.00
  312.30, 1585.00
  312.57, 1762.00
  312.84, 1569.00
  313.10, 1317.00
  313.37, 1518.00
  313.64, 1813.00
  313.91, 1934.00
  314.18, 1477.00
  314.44, 1602.00
  314.71, 1692.00
  314.98, 1602.00
  315.25, 1423.00
  315.52, 1673.00
  315.78, 1865.00
  316.05, 1625.00
  316.32, 1405.00
  316.59, 1452.00
  316.85, 1744.00
  317.12, 1580.00
  317.39, 1398.00
  317.66, 1442.00
  317.93, 1786.00
  318.19, 1688.00
  318.46, 1424.00
  318.73, 1421.00
  319.00, 1626.00
  319.26, 1652.00
  319.53, 1464.00
  319.80, 1603.00
  320.07, 1905.00
  320.34, 1838.00
  320.60, 1419.00
  320.87, 1487.00
  321.14, 1706.00
  321.41, 1656.00
  321.67, 1517.00
  321.94, 1620.00
  322.21, 1725.00
  322.48, 1745.00
  322.75, 1686.00
  323.01, 1723.00
  323.28, 1817.00
  323.55, 1737.00
  323.82, 1420.00
  324.08, 1634.00
  324.35, 1716.00
  324.62, 1633.00
  324.89, 1433.00
  325.15, 1453.00
  325.42, 1719.00
  325.69, 1863.00
  325.96, 1659.00
  326.23, 1815.00
  326.49, 2064.00
  326.76, 1853.00
  327.03, 1541.00
  327.30, 1729.00
  327.56, 2050.00
  327.83, 1744.00
  328.10, 1454.00
  328.37, 1628.00
  328.63, 1780.00
  328.90, 1673.00
  329.17, 1396.00
  329.44, 1581.00
  329.70, 1821.00
  329.97, 1676.00
  330.24, 1494.00
  330.51, 1594.00
  330.77, 1740.00
  331.04, 1605.00
  331.31, 1343.00
  331.58, 1556.00
  331.84, 1766.00
  332.11, 1839.00
  332.38, 1523.00
  332.65, 1568.00
  332.91, 1731.00
  333.18, 1643.00
  333.45, 1395.00
  333.72, 1527.00
  333.98, 1684.00
  334.25, 1599.00
  334.52, 1452.00
  334.79, 1504.00
  335.05, 1737.00
  335.32, 1625.00
  335.59, 1479.00
  335.86, 1505.00
  336.12, 1743.00
  336.39, 1640.00
  336.66, 1600.00
  336.93, 1676.00
  337.19, 1723.00
  337.46, 1607.00
  337.73, 1514.00
  337.99, 1603.00
  338.26, 1784.00
  338.53, 1737.00
  338.80, 1474.00
  339.06, 1507.00
  339.33, 1748.00
  339.60, 1656.00
  339.87, 1382.00
  340.13, 1444.00
  340.40, 1694.00
  340.67, 1622.00
  340.93, 1346.00
  341.20, 1412.00
  341.47, 1803.00
  341.74, 2037.00
  342.00, 1925.00
  342.27, 1537.00
  342.54, 1758.00
  342.81, 1636.00
  343.07, 1478.00
  343.34, 1747.00
  343.61, 1886.00
  343.87, 1664.00
  344.14, 1683.00
  344.41, 1477.00
  344.68, 1654.00
  344.94, 1593.00
  345.21, 1372.00
  345.48, 1464.00
  345.74, 1762.00
  346.01, 1572.00
  346.28, 1468.00
  346.55, 1606.00
  346.81, 1888.00
  347.08, 1617.00
  347.35, 1396.00
  347.61, 1536.00
  347.88, 1729.00
  348.15, 1675.00
  348.42, 1488.00
  348.68, 1663.00
  348.95, 1689.00
  349.22, 1557.00
  349.48, 1302.00
  349.75, 1382.00
  350.02, 1644.00
  350.28, 1766.00
  350.55, 1629.00
  350.82, 1613.00
  351.09, 1700.00
  351.35, 1683.00
  351.62, 1525.00
  351.89, 1481.00
  352.15, 1785.00
  352.42, 1873.00
  352.69, 1602.00
  352.95, 1688.00
  353.22, 1699.00
  353.49, 1708.00
  353.76, 1403.00
  354.02, 1648.00
  354.29, 1724.00
  354.56, 1751.00
  354.82, 1583.00
  355.09, 1436.00
  355.36, 1801.00
  355.62, 1761.00
  355.89, 1458.00
  356.16, 1501.00
  356.42, 1847.00
  356.69, 1726.00
  356.96, 1584.00
  357.22, 1644.00
  357.49, 1820.00
  357.76, 1678.00
  358.03, 1326.00
  358.29, 1415.00
  358.56, 1692.00
  358.83, 1708.00
  359.09, 1404.00
  359.36, 1586.00
  359.63, 1771.00
  359.89, 1529.00
  360.16, 1398.00
  360.43, 1557.00
  360.69, 1752.00
  360.96, 1637.00
  361.23, 1478.00
  361.49, 1651.00
  361.76, 1750.00
  362.03, 1689.00
  362.29, 1457.00
  362.56, 1595.00
  362.83, 1708.00
  363.09, 1572.00
  363.36, 1401.00
  363.63, 1429.00
  363.89, 1680.00
  364.16, 1670.00
  364.43, 1320.00
  364.69, 1395.00
  364.96, 1714.00
  365.23, 1584.00
  365.49, 1381.00
  365.76, 1543.00
  366.03, 1674.00
  366.29, 1626.00
  366.56, 1449.00
  366.83, 1540.00
  367.09, 1776.00
  367.36, 1603.00
  367.63, 1384.00
  367.89, 1539.00
  368.16, 1794.00
  368.43, 1700.00
  368.69, 1483.00
  368.96, 1514.00
  369.23, 1721.00
  369.49, 1666.00
  369.76, 1394.00
  370.03, 1513.00
  370.29, 1891.00
  370.56, 1679.00
  370.82, 1451.00
  371.09, 1527.00
  371.36, 1851.00
  371.62, 1766.00
  371.89, 1519.00
  372.16, 1525.00
  372.42, 1963.00
  372.69, 1858.00
  372.96, 1402.00
  373.22, 1427.00
  373.49, 1669.00
  373.76, 1622.00
  374.02, 1396.00
  374.29, 1458.00
  374.55, 1780.00
  374.82, 1712.00
  375.09, 1440.00
  375.35, 1504.00
  375.62, 1724.00
  375.89, 1706.00
  376.15, 1515.00
  376.42, 1416.00
  376.69, 1614.00
  376.95, 1593.00
  377.22, 1492.00
  377.48, 1556.00
  377.75, 1723.00
  378.02, 1559.00
  378.28, 1377.00
  378.55, 1675.00
  378.82, 2048.00
  379.08, 1692.00
  379.35, 1456.00
  379.62, 1590.00
  379.88, 1758.00
  380.15, 1709.00
  380.41, 1557.00
  380.68, 1557.00
  380.95, 1768.00
  381.21, 1725.00
  381.48, 1368.00
  381.74, 1613.00
  382.01, 1766.00
  382.28, 1484.00
  382.54, 1285.00
  382.81, 1396.00
  383.08, 1692.00
  383.34, 1609.00
  383.61, 1455.00
  383.87, 1583.00
  384.14, 1737.00
  384.41, 1565.00
  384.67, 1430.00
  384.94, 1575.00
  385.21, 1683.00
  385.47, 1580.00
  385.74, 1333.00
  386.00, 1583.00
  386.27, 1799.00
  386.54, 1642.00
  386.80, 1545.00
  387.07, 1525.00
  387.33, 1778.00
  387.60, 1684.00
  387.87, 1442.00
  388.13, 1671.00
  388.40, 1669.00
  388.66, 1922.00
  388.93, 2183.00
  389.20, 1534.00
  389.46, 1772.00
  389.73, 1585.00
  389.99, 1441.00
  390.26, 1652.00
  390.53, 1895.00
  390.79, 1872.00
  391.06, 1705.00
  391.32, 1651.00
  391.59, 1755.00
  391.86, 1736.00
  392.12, 1517.00
  392.39, 1733.00
  392.65, 1752.00
  392.92, 1722.00
  393.19, 1554.00
  393.45, 1754.00
  393.72, 1766.00
  393.98, 1704.00
  394.25, 1406.00
  394.52, 1661.00
  394.78, 1868.00
  395.05, 1702.00
  395.31, 1457.00
  395.58, 1549.00
  395.84, 1836.00
  396.11, 1718.00
  396.38, 1538.00
  396.64, 1490.00
  396.91, 1719.00
  397.17, 1734.00
  397.44, 1464.00
  397.71, 1459.00
  397.97, 1618.00
  398.24, 1712.00
  398.50, 1465.00
  398.77, 1519.00
  399.03, 1788.00
  399.30, 1712.00
  399.57, 1588.00
  399.83, 1526.00
  400.10, 1776.00
  400.36, 1622.00
  400.63, 1503.00
  400.89, 1544.00
  401.16, 1878.00
  401.43, 1757.00
  401.69, 1533.00
  401.96, 1593.00
  402.22, 1669.00
  402.49, 1585.00
  402.75, 1343.00
  403.02, 1467.00
  403.29, 1852.00
  403.55, 1690.00
  403.82, 1458.00
  404.08, 1568.00
  404.35, 1651.00
  404.61, 1665.00
  404.88, 1456.00
  405.14, 1558.00
  405.41, 1862.00
  405.68, 1788.00
  405.94, 1548.00
  406.21, 1443.00
  406.47, 1724.00
  406.74, 1735.00
  407.00, 1504.00
  407.27, 1540.00
  407.53, 1805.00
  407.80, 1851.00
  408.07, 1434.00
  408.33, 1588.00
  408.60, 1836.00
  408.86, 1636.00
  409.13, 1473.00
  409.39, 1654.00
  409.66, 1813.00
  409.92, 1660.00
  410.19, 1378.00
  410.46, 1564.00
  410.72, 1678.00
  410.99, 1544.00
  411.25, 1369.00
  411.52, 1474.00
  411.78, 1783.00
  412.05, 1879.00
  412.31, 1578.00
  412.58, 1468.00
  412.84, 1714.00
  413.11, 1793.00
  413.37, 1624.00
  413.64, 1564.00
  413.91, 1700.00
  414.17, 1588.00
  414.44, 1331.00
  414.70, 1438.00
  414.97, 1538.00
  415.23, 1568.00
  415.50, 1471.00
  415.76, 1548.00
  416.03, 1768.00
  416.29, 1661.00
  416.56, 1498.00
  416.82, 1613.00
  417.09, 1900.00
  417.35, 1771.00
  417.62, 1363.00
  417.89, 1539.00
  418.15, 1763.00
  418.42, 1694.00
  418.68, 1526.00
  418.95, 1608.00
  419.21, 1719.00
  419.48, 1491.00
  419.74, 1297.00
  420.01, 1485.00
  420.27, 1656.00
  420.54, 1742.00
  420.80, 1649.00
  421.07, 1776.00
  421.33, 1965.00
  421.60, 1606.00
  421.86, 1355.00
  422.13, 1565.00
  422.39, 1804.00
  422.66, 1642.00
  422.92, 1452.00
  423.19, 1616.00
  423.45, 1894.00
  423.72, 1785.00
  423.98, 1534.00
  424.25, 1595.00
  424.51, 1985.00
  424.78, 1812.00
  425.04, 1526.00
  425.31, 1617.00
  425.58, 1632.00
  425.84, 1663.00
  426.11, 1384.00
  426.37, 1503.00
  426.64, 1840.00
  426.90, 1823.00
  427.17, 1436.00
  427.43, 1363.00
  427.70, 1650.00
  427.96, 1715.00
  428.23, 1613.00
  428.49, 1687.00
  428.76, 1615.00
  429.02, 1605.00
  429.29, 1436.00
  429.55, 1507.00
  429.82, 1744.00
  430.08, 1833.00
  430.34, 1623.00
  430.61, 1684.00
  430.87, 1895.00
  431.14, 1540.00
  431.40, 1366.00
  431.67, 1691.00
  431.93, 1809.00
  432.20, 1650.00
  432.46, 1469.00
  432.73, 1562.00
  432.99, 1893.00
  433.26, 1759.00
  433.52, 1582.00
  433.79, 1824.00
  434.05, 1781.00
  434.32, 1611.00
  434.58, 1437.00
  434.85, 1538.00
  435.11, 1838.00
  435.38, 1616.00
  435.64, 1416.00
  435.91, 1670.00
  436.17, 1890.00
  436.44, 1640.00
  436.70, 1578.00
  436.97, 1601.00
  437.23, 1822.00
  437.50, 1784.00
  437.76, 1510.00
  438.02, 1556.00
  438.29, 1699.00
  438.55, 1693.00
  438.82, 1457.00
  439.08, 1382.00
  439.35, 1734.00
  439.61, 1762.00
  439.88, 1418.00
  440.14, 1440.00
  440.41, 1759.00
  440.67, 1698.00
  440.94, 1471.00
  441.20, 1698.00
  441.47, 1836.00
  441.73, 1657.00
  441.99, 1487.00
  442.26, 1553.00
  442.52, 1786.00
  442.79, 1757.00
  443.05, 1400.00
  443.32, 1331.00
  443.58, 1636.00
  443.85, 1596.00
  444.11, 1332.00
  444.38, 1543.00
  444.64, 1881.00
  444.91, 1726.00
  445.17, 1444.00
  445.43, 1534.00
  445.70, 1651.00
  445.96, 1519.00
  446.23, 1357.00
  446.49, 1452.00
  446.76, 1753.00
  447.02, 1765.00
  447.29, 1521.00
  447.55, 1506.00
  447.81, 1776.00
  448.08, 1635.00
  448.34, 1477.00
  448.61, 1508.00
  448.87, 1807.00
  449.14, 1680.00
  449.40, 1409.00
  449.67, 1597.00
  449.93, 1818.00
  450.19, 1694.00
  450.46, 1600.00
  450.72, 1673.00
  450.99, 1866.00
  451.25, 1692.00
  451.52, 1399.00
  451.78, 1521.00
  452.05, 1750.00
  452.31, 1564.00
  452.57, 1450.00
  452.84, 1508.00
  453.10, 1642.00
  453.37, 1492.00
  453.63, 1268.00
  453.90, 1427.00
  454.16, 1861.00
  454.42, 1628.00
  454.69, 1409.00
  454.95, 1483.00
  455.22, 1629.00
  455.48, 1671.00
  455.75, 1465.00
  456.01, 1394.00
  456.27, 1742.00
  456.54, 1829.00
  456.80, 1586.00
  457.07, 1584.00
  457.33, 1643.00
  457.59, 1570.00
  457.86, 1544.00
  458.12, 1645.00
  458.39, 1759.00
  458.65, 1668.00
  458.92, 1579.00
  459.18, 1684.00
  459.44, 1809.00
  459.71, 1765.00
  459.97, 1439.00
  460.24, 1351.00
  460.50, 1624.00
  460.76, 1572.00
  461.03, 1630.00
  461.29, 1758.00
  461.56, 1681.00
  461.82, 1583.00
  462.09, 1461.00
  462.35, 1528.00
  462.61, 1790.00
  462.88, 1836.00
  463.14, 1366.00
  463.41, 1429.00
  463.67, 1632.00
  463.93, 1775.00
  464.20, 1499.00
  464.46, 1580.00
  464.73, 1743.00
  464.99, 1529.00
  465.25, 1283.00
  465.52, 1486.00
  465.78, 1844.00
  466.05, 1908.00
  466.31, 1616.00
  466.57, 1470.00
  466.84, 1784.00
  467.10, 1641.00
  467.37, 1344.00
  467.63, 1580.00
  467.89, 1813.00
  468.16, 1687.00
  468.42, 1538.00
  468.68, 1517.00
  468.95, 1826.00
  469.21, 1844.00
  469.48, 1451.00
  469.74, 1421.00
  470.00, 1547.00
  470.27, 1541.00
  470.53, 1401.00
  470.80, 1495.00
  471.06, 1724.00
  471.32, 1702.00
  471.59, 1428.00
  471.85, 1529.00
  472.11, 1626.00
  472.38, 1720.00
  472.64, 1630.00
  472.91, 1623.00
  473.17, 1836.00
  473.43, 1712.00
  473.70, 1737.00
  473.96, 1957.00
  474.22, 1821.00
  474.49, 1850.00
  474.75, 1606.00
  475.02, 1534.00
  475.28, 1767.00
  475.54, 1886.00
  475.81, 1523.00
  476.07, 1526.00
  476.33, 1697.00
  476.60, 1679.00
  476.86, 1445.00
  477.13, 1473.00
  477.39, 1719.00
  477.65, 1534.00
  477.92, 1383.00
  478.18, 1495.00
  478.44, 1703.00
  478.71, 1726.00
  478.97, 1412.00
  479.23, 1562.00
  479.50, 1698.00
  479.76, 1496.00
  480.03, 1460.00
  480.29, 1756.00
  480.55, 1875.00
  480.82, 1846.00
  481.08, 1508.00
  481.34, 1518.00
  481.61, 1690.00
  481.87, 1634.00
  482.13, 1442.00
  482.40, 1668.00
  482.66, 1785.00
  482.92, 1590.00
  483.19, 1659.00
  483.45, 1671.00
  483.71, 1694.00
  483.98, 1693.00
  484.24, 1436.00
  484.51, 1521.00
  484.77, 1806.00
  485.03, 1686.00
  485.30, 1414.00
  485.56, 1522.00
  485.82, 1793.00
  486.09, 1705.00
  486.35, 1373.00
  486.61, 1506.00
  486.88, 1672.00
  487.14, 1630.00
  487.40, 1309.00
  487.67, 1549.00
  487.93, 1959.00
  488.19, 1701.00
  488.46, 1478.00
  488.72, 1710.00
  488.98, 1842.00
  489.25, 1727.00
  489.51, 1441.00
  489.77, 1517.00
  490.04, 1795.00
  490.30, 1648.00
  490.56, 1463.00
  490.83, 1641.00
  491.09, 1676.00
  491.35, 1564.00
  491.62, 1442.00
  491.88, 1497.00
  492.14, 1726.00
  492.41, 1628.00
  492.67, 1446.00
  492.93, 1502.00
  493.20, 1785.00
  493.46, 1989.00
  493.72, 1540.00
  493.98, 1475.00
  494.25, 1847.00
  494.51, 1662.00
  494.77, 1463.00
  495.04, 1425.00
  495.30, 1808.00
  495.56, 1674.00
  495.83, 1411.00
  496.09, 1397.00
  496.35, 1609.00
  496.62, 1630.00
  496.88, 1380.00
  497.14, 1479.00
  497.41, 1731.00
  497.67, 1539.00
  497.93, 1367.00
  498.19, 1670.00
  498.46, 1774.00
  498.72, 1691.00
  498.98, 1481.00
  499.25, 1474.00
  499.51, 1760.00
  499.77, 1687.00
  500.04, 1459.00
  500.30, 1440.00
  500.56, 1746.00
  500.83, 1666.00
  501.09, 1267.00
  501.35, 1403.00
  501.61, 1692.00
  501.88, 1611.00
  502.14, 1375.00
  502.40, 1529.00
  502.67, 1860.00
  502.93, 1642.00
  503.19, 1406.00
  503.45, 1503.00
  503.72, 1738.00
  503.98, 1669.00
  504.24, 1420.00
  504.51, 1473.00
  504.77, 1718.00
  505.03, 1745.00
  505.30, 1418.00
  505.56, 1426.00
  505.82, 1581.00
  506.08, 1613.00
  506.35, 1515.00
  506.61, 1656.00
  506.87, 1789.00
  507.14, 1576.00
  507.40, 1379.00
  507.66, 1520.00
  507.92, 1707.00
  508.19, 1665.00
  508.45, 1529.00
  508.71, 1442.00
  508.97, 1731.00
  509.24, 1584.00
  509.50, 1503.00
  509.76, 1520.00
  510.03, 1847.00
  510.29, 1631.00
  510.55, 1371.00
  510.81, 1568.00
  511.08, 1630.00
  511.34, 1609.00
  511.60, 1545.00
  511.86, 1592.00
  512.13, 1690.00
  512.39, 1631.00
  512.65, 1436.00
  512.92, 1438.00
  513.18, 1600.00
  513.44, 1538.00
  513.70, 1368.00
  513.97, 1478.00
  514.23, 1675.00
  514.49, 1626.00
  514.75, 1355.00
  515.02, 1542.00
  515.28, 1762.00
  515.54, 1601.00
  515.80, 1383.00
  516.07, 1431.00
  516.33, 1628.00
  516.59, 1633.00
  516.85, 1399.00
  517.12, 1568.00
  517.38, 1791.00
  517.64, 1680.00
  517.90, 1389.00
  518.17, 1553.00
  518.43, 1646.00
  518.69, 1512.00
  518.95, 1308.00
  519.22, 1587.00
  519.48, 1687.00
  519.74, 1604.00
  520.00, 1311.00
  520.27, 1406.00
  520.53, 1687.00
  520.79, 1674.00
  521.05, 1571.00
  521.32, 1734.00
  521.58, 1721.00
  521.84, 1586.00
  522.10, 1428.00
  522.37, 1611.00
  522.63, 1871.00
  522.89, 1607.00
  523.15, 1550.00
  523.42, 1667.00
  523.68, 1708.00
  523.94, 1707.00
  524.20, 1516.00
  524.47, 1637.00
  524.73, 1767.00
  524.99, 1552.00
  525.25, 1362.00
  525.51, 1517.00
  525.78, 1802.00
  526.04, 1656.00
  526.30, 1453.00
  526.56, 1533.00
  526.83, 1652.00
  527.09, 1527.00
  527.35, 1371.00
  527.61, 1338.00
  527.87, 1527.00
  528.14, 1462.00
  528.40, 1385.00
  528.66, 1665.00
  528.92, 1763.00
  529.19, 1729.00
  529.45, 1418.00
  529.71, 1355.00
  529.97, 1670.00
  530.23, 1604.00
  530.50, 1451.00
  530.76, 1573.00
  531.02, 1740.00
  531.28, 1589.00
  531.55, 1469.00
  531.81, 1670.00
  532.07, 1712.00
  532.33, 1501.00
  532.59, 1400.00
  532.86, 1394.00
  533.12, 1640.00
  533.38, 1516.00
  533.64, 1389.00
  533.90, 1518.00
  534.17, 1968.00
  534.43, 1813.00
  534.69, 1513.00
  534.95, 1531.00
  535.21, 1784.00
  535.48, 1694.00
  535.74, 1414.00
  536.00, 1677.00
  536.26, 1916.00
  536.52, 1611.00
  536.79, 1389.00
  537.05, 1464.00
  537.31, 1681.00
  537.57, 1638.00
  537.83, 1473.00
  538.10, 1381.00
  538.36, 1584.00
  538.62, 1760.00
  538.88, 1737.00
  539.14, 1748.00
  539.41, 1948.00
  539.67, 1655.00
  539.93, 1472.00
  540.19, 1596.00
  540.45, 1726.00
  540.72, 1539.00
  540.98, 1399.00
  541.24, 1565.00
  541.50, 1847.00
  541.76, 1619.00
  542.02, 1508.00
  542.29, 1523.00
  542.55, 1691.00
  542.81, 1741.00
  543.07, 1626.00
  543.33, 1913.00
  543.60, 1897.00
  543.86, 1678.00
  544.12, 1593.00
  544.38, 1447.00
  544.64, 1608.00
  544.90, 1726.00
  545.17, 1396.00
  545.43, 1464.00
  545.69, 1700.00
  545.95, 1837.00
  546.21, 1565.00
  546.47, 1549.00
  546.74, 1660.00
  547.00, 1545.00
  547.26, 1387.00
  547.52, 1577.00
  547.78, 1812.00
  548.04, 1607.00
  548.31, 1538.00
  548.57, 1598.00
  548.83, 1853.00
  549.09, 1726.00
  549.35, 1417.00
  549.61, 1491.00
  549.88, 1661.00
  550.14, 1464.00
  550.40, 1350.00
  550.66, 1411.00
  550.92, 1644.00
  551.18, 1649.00
  551.45, 1431.00
  551.71, 1422.00
  551.97, 1596.00
  552.23, 1526.00
  552.49, 1349.00
  552.75, 1505.00
  553.01, 1664.00
  553.28, 1587.00
  553.54, 1431.00
  553.80, 1579.00
  554.06, 1752.00
  554.32, 1651.00
  554.58, 1489.00
  554.85, 1573.00
  555.11, 1951.00
  555.37, 1734.00
  555.63, 1443.00
  555.89, 1430.00
  556.15, 1774.00
  556.41, 1860.00
  556.68, 1434.00
  556.94, 1344.00
  557.20, 1564.00
  557.46, 1704.00
  557.72, 1627.00
  557.98, 1546.00
  558.24, 1669.00
  558.51, 1596.00
  558.77, 1399.00
  559.03, 1462.00
  559.29, 1595.00
  559.55, 1560.00
  559.81, 1307.00
  560.07, 1462.00
  560.33, 1671.00
  560.60, 1567.00
  560.86, 1455.00
  561.12, 1425.00
  561.38, 1629.00
  561.64, 1586.00
  561.90, 1330.00
  562.16, 1472.00
  562.42, 1682.00
  562.69, 1569.00
  562.95, 1395.00
  563.21, 1441.00
  563.47, 1607.00
  563.73, 1549.00
  563.99, 1353.00
  564.25, 1533.00
  564.51, 1753.00
  564.78, 1631.00
  565.04, 1604.00
  565.30, 1521.00
  565.56, 1777.00
  565.82, 1820.00
  566.08, 1451.00
  566.34, 1535.00
  566.60, 1755.00
  566.86, 1599.00
  567.13, 1513.00
  567.39, 1548.00
  567.65, 1639.00
  567.91, 1675.00
  568.17, 1429.00
  568.43, 1653.00
  568.69, 2100.00
  568.95, 1742.00
  569.21, 1416.00
  569.48, 1647.00
  569.74, 1925.00
  570.00, 1664.00
  570.26, 1419.00
  570.52, 1602.00
  570.78, 1620.00
  571.04, 1750.00
  571.30, 1694.00
  571.56, 1565.00
  571.82, 1592.00
  572.09, 1501.00
  572.35, 1473.00
  572.61, 1650.00
  572.87, 1771.00
  573.13, 1582.00
  573.39, 1338.00
  573.65, 1534.00
  573.91, 1765.00
  574.17, 1704.00
  574.43, 1390.00
  574.69, 1572.00
  574.96, 1653.00
  575.22, 1633.00
  575.48, 1390.00
  575.74, 1401.00
  576.00, 1626.00
  576.26, 1701.00
  576.52, 1369.00
  576.78, 1439.00
  577.04, 1625.00
  577.30, 1503.00
  577.56, 1324.00
  577.82, 1464.00
  578.09, 1655.00
  578.35, 1546.00
  578.61, 1314.00
  578.87, 1496.00
  579.13, 1605.00
  579.39, 1638.00
  579.65, 1468.00
  579.91, 1422.00
  580.17, 1585.00
  580.43, 1575.00
  580.69, 1481.00
  580.95, 1575.00
  581.21, 1666.00
  581.47, 1509.00
  581.74, 1263.00
  582.00, 1408.00
  582.26, 1689.00
  582.52, 1572.00
  582.78, 1477.00
  583.04, 1609.00
  583.30, 1658.00
  583.56, 1554.00
  583.82, 1485.00
  584.08, 1594.00
  584.34, 1737.00
  584.60, 1696.00
  584.86, 1524.00
  585.12, 1470.00
  585.38, 1623.00
  585.64, 1641.00
  585.91, 1496.00
  586.17, 1553.00
  586.43, 1822.00
  586.69, 1886.00
  586.95, 1469.00
  587.21, 1394.00
  587.47, 1613.00
  587.73, 1820.00
  587.99, 1649.00
  588.25, 1773.00
  588.51, 1723.00
  588.77, 1654.00
  589.03, 1472.00
  589.29, 1431.00
  589.55, 1633.00
  589.81, 1609.00
  590.07, 1296.00
  590.33, 1482.00
  590.59, 1760.00
  590.85, 1632.00
  591.11, 1390.00
  591.37, 1562.00
  591.64, 1725.00
  591.90, 1671.00
  592.16, 1369.00
  592.42, 1416.00
  592.68, 1685.00
  592.94, 1578.00
  593.20, 1333.00
  593.46, 1402.00
  593.72, 1630.00
  593.98, 1588.00
  594.24, 1354.00
  594.50, 1454.00
  594.76, 1765.00
  595.02, 1620.00
  595.28, 1589.00
  595.54, 1638.00
  595.80, 1775.00
  596.06, 1497.00
  596.32, 1393.00
  596.58, 1493.00
  596.84, 1758.00
  597.10, 1775.00
  597.36, 1513.00
  597.62, 1581.00
  597.88, 1694.00
  598.14, 1744.00
  598.40, 1581.00
  598.66, 1620.00
  598.92, 1784.00
  599.18, 1559.00
  599.44, 1362.00
  599.70, 1566.00
  599.96, 2043.00
  600.22, 1572.00
  600.48, 1432.00
  600.74, 1512.00
  601.00, 1574.00
  601.26, 1754.00
  601.52, 1636.00
  601.78, 1567.00
  602.04, 1784.00
  602.30, 1754.00
  602.56, 1645.00
  602.82, 1634.00
  603.08, 1762.00
  603.34, 1572.00
  603.60, 1294.00
  603.86, 1480.00
  604.12, 1825.00
  604.38, 1672.00
  604.64, 1369.00
  604.90, 1494.00
  605.16, 1754.00
  605.42, 1664.00
  605.68, 1515.00
  605.94, 1534.00
  606.20, 1689.00
  606.46, 1638.00
  606.72, 1438.00
  606.98, 1386.00
  607.24, 1616.00
  607.50, 1679.00
  607.76, 1380.00
  608.02, 1458.00
  608.28, 1631.00
  608.54, 1484.00
  608.80, 1302.00
  609.06, 1437.00
  609.32, 1699.00
  609.58, 1634.00
  609.84, 1434.00
  610.10, 1440.00
  610.36, 1702.00
  610.62, 1691.00
  610.88, 1288.00
  611.14, 1304.00
  611.40, 1557.00
  611.66, 1617.00
  611.92, 1453.00
  612.18, 1433.00
  612.44, 1682.00
  612.70, 1641.00
  612.96, 1570.00
  613.22, 1491.00
  613.48, 1596.00
  613.74, 1504.00
  614.00, 1352.00
  614.26, 1452.00
  614.52, 1706.00
  614.78, 1579.00
  615.04, 1461.00
  615.30, 1569.00
  615.56, 1617.00
  615.82, 1597.00
  616.08, 1489.00
  616.34, 1527.00
  616.60, 1687.00
  616.86, 1608.00
  617.12, 1449.00
  617.37, 1407.00
  617.63, 1602.00
  617.89, 1682.00
  618.15, 1502.00
  618.41, 1416.00
  618.67, 1598.00
  618.93, 1713.00
  619.19, 1549.00
  619.45, 1507.00
  619.71, 1699.00
  619.97, 1590.00
  620.23, 1511.00
  620.49, 1554.00
  620.75, 1620.00
  621.01, 1635.00
  621.27, 1504.00
  621.53, 1564.00
  621.79, 1513.00
  622.05, 1533.00
  622.31, 1351.00
  622.57, 1348.00
  622.82, 1544.00
  623.08, 1513.00
  623.34, 1329.00
  623.60, 1382.00
  623.86, 1652.00
  624.12, 1566.00
  624.38, 1491.00
  624.64, 1499.00
  624.90, 1634.00
  625.16, 1441.00
  625.42, 1247.00
  625.68, 1374.00
  625.94, 1626.00
  626.20, 1563.00
  626.46, 1405.00
  626.72, 1574.00
  626.97, 1713.00
  627.23, 1497.00
  627.49, 1295.00
  627.75, 1361.00
  628.01, 1681.00
  628.27, 1667.00
  628.53, 1286.00
  628.79, 1449.00
  629.05, 1717.00
  629.31, 1667.00
  629.57, 1330.00
  629.83, 1374.00
  630.09, 1647.00
  630.35, 1686.00
  630.60, 1561.00
  630.86, 1780.00
  631.12, 1770.00
  631.38, 1770.00
  631.64, 1639.00
  631.90, 2023.00
  632.16, 2228.00
  632.42, 1705.00
  632.68, 1379.00
  632.94, 1545.00
  633.20, 1577.00
  633.46, 1669.00
  633.71, 1550.00
  633.97, 1558.00
  634.23, 1842.00
  634.49, 1736.00
  634.75, 1585.00
  635.01, 1627.00
  635.27, 1731.00
  635.53, 1610.00
  635.79, 1421.00
  636.05, 1433.00
  636.31, 1636.00
  636.56, 1519.00
  636.82, 1286.00
  637.08, 1321.00
  637.34, 1544.00
  637.60, 1631.00
  637.86, 1563.00
  638.12, 1650.00
  638.38, 1797.00
  638.64, 1656.00
  638.90, 1446.00
  639.15, 1451.00
  639.41, 1662.00
  639.67, 1527.00
  639.93, 1495.00
  640.19, 1485.00
  640.45, 1729.00
  640.71, 1585.00
  640.97, 1442.00
  641.23, 1522.00
  641.48, 1651.00
  641.74, 1739.00
  642.00, 1366.00
  642.26, 1369.00
  642.52, 1651.00
  642.78, 1696.00
  643.04, 1525.00
  643.30, 1597.00
  643.56, 1718.00
  643.81, 1812.00
  644.07, 1479.00
  644.33, 1445.00
  644.59, 1669.00
  644.85, 1806.00
  645.11, 1394.00
  645.37, 1437.00
  645.63, 1735.00
  645.88, 1586.00
  646.14, 1362.00
  646.40, 1443.00
  646.66, 1652.00
  646.92, 1519.00
  647.18, 1430.00
  647.44, 1613.00
  647.70, 1740.00
  647.95, 1604.00
  648.21, 1568.00
  648.47, 1772.00
  648.73, 1779.00
  648.99, 1678.00
  649.25, 1371.00
  649.51, 1535.00
  649.76, 1871.00
  650.02, 1978.00
  650.28, 1808.00
  650.54, 1872.00
  650.80, 2049.00
  651.06, 1863.00
  651.32, 1796.00
  651.57, 1879.00
  651.83, 2167.00
  652.09, 2028.00
  652.35, 1988.00
  652.61, 2002.00
  652.87, 1987.00
  653.13, 1914.00
  653.38, 1790.00
  653.64, 1694.00
  653.90, 1889.00
  654.16, 1769.00
  654.42, 1542.00
  654.68, 1443.00
  654.94, 1613.00
  655.19, 1555.00
  655.45, 1457.00
  655.71, 1466.00
  655.97, 1795.00
  656.23, 1887.00
  656.49, 1625.00
  656.74, 1675.00
  657.00, 1794.00
  657.26, 1719.00
  657.52, 1515.00
  657.78, 1523.00
  658.04, 1789.00
  658.29, 1811.00
  658.55, 1443.00
  658.81, 1550.00
  659.07, 1945.00
  659.33, 1723.00
  659.59, 1418.00
  659.84, 1494.00
  660.10, 1707.00
  660.36, 1600.00
  660.62, 1502.00
  660.88, 1555.00
  661.14, 1738.00
  661.39, 1559.00
  661.65, 1381.00
  661.91, 1503.00
  662.17, 1699.00
  662.43, 1624.00
  662.69, 1458.00
  662.94, 1910.00
  663.20, 2066.00
  663.46, 1737.00
  663.72, 1600.00
  663.98, 1589.00
  664.23, 1696.00
  664.49, 1758.00
  664.75, 1696.00
  665.01, 1662.00
  665.27, 1846.00
  665.53, 2019.00
  665.78, 1648.00
  666.04, 1641.00
  666.30, 1975.00
  666.56, 1915.00
  666.82, 1619.00
  667.07, 1730.00
  667.33, 1758.00
  667.59, 1736.00
  667.85, 1394.00
  668.11, 1463.00
  668.36, 1687.00
  668.62, 1508.00
  668.88, 1295.00
  669.14, 1448.00
  669.40, 1810.00
  669.65, 1685.00
  669.91, 1342.00
  670.17, 1531.00
  670.43, 1796.00
  670.69, 1674.00
  670.94, 1522.00
  671.20, 1579.00
  671.46, 1676.00
  671.72, 1653.00
  671.98, 1465.00
  672.23, 1475.00
  672.49, 1735.00
  672.75, 1869.00
  673.01, 1515.00
  673.27, 1469.00
  673.52, 1637.00
  673.78, 1613.00
  674.04, 1455.00
  674.30, 1564.00
  674.56, 1804.00
  674.81, 1736.00
  675.07, 1349.00
  675.33, 1533.00
  675.59, 1920.00
  675.84, 1767.00
  676.10, 1463.00
  676.36, 1554.00
  676.62, 1760.00
  676.88, 1740.00
  677.13, 1668.00
  677.39, 1459.00
  677.65, 1643.00
  677.91, 1638.00
  678.16, 1465.00
  678.42, 1443.00
  678.68, 1642.00
  678.94, 1637.00
  679.20, 1392.00
  679.45, 1393.00
  679.71, 1679.00
  679.97, 1613.00
  680.23, 1386.00
  680.48, 1534.00
  680.74, 1848.00
  681.00, 1615.00
  681.26, 1488.00
  681.51, 1540.00
  681.77, 1643.00
  682.03, 1730.00
  682.29, 1530.00
  682.54, 1485.00
  682.80, 1799.00
  683.06, 1834.00
  683.32, 1484.00
  683.58, 1506.00
  683.83, 1806.00
  684.09, 1749.00
  684.35, 1480.00
  684.61, 1558.00
  684.86, 1977.00
  685.12, 1835.00
  685.38, 1489.00
  685.64, 1542.00
  685.89, 1711.00
  686.15, 1653.00
  686.41, 1562.00
  686.67, 1556.00
  686.92, 1951.00
  687.18, 1921.00
  687.44, 1610.00
  687.70, 1445.00
  687.95, 1651.00
  688.21, 1699.00
  688.47, 1451.00
  688.72, 1413.00
  688.98, 1668.00
  689.24, 1674.00
  689.50, 1744.00
  689.75, 1808.00
  690.01, 1840.00
  690.27, 1719.00
  690.53, 1577.00
  690.78, 1689.00
  691.04, 1880.00
  691.30, 1649.00
  691.56, 1356.00
  691.81, 1482.00
  692.07, 1861.00
  692.33, 1865.00
  692.58, 1470.00
  692.84, 1473.00
  693.10, 1702.00
  693.36, 1733.00
  693.61, 1469.00
  693.87, 1630.00
  694.13, 1859.00
  694.39, 1713.00
  694.64, 1477.00
  694.90, 1467.00
  695.16, 1627.00
  695.41, 1586.00
  695.67, 1365.00
  695.93, 1548.00
  696.19, 1790.00
  696.44, 1704.00
  696.70, 1467.00
  696.96, 1780.00
  697.21, 1772.00
  697.47, 1506.00
  697.73, 1427.00
  697.99, 1523.00
  698.24, 1713.00
  698.50, 1668.00
  698.76, 1376.00
  699.01, 1541.00
  699.27, 1704.00
  699.53, 1767.00
  699.79, 1388.00
  700.04, 1486.00
  700.30, 1763.00
  700.56, 1661.00
  700.81, 1427.00
  701.07, 1636.00
  701.33, 1858.00
  701.58, 1834.00
  701.84, 1498.00
  702.10, 1561.00
  702.36, 1945.00
  702.61, 1767.00
  702.87, 1453.00
  703.13, 1408.00
  703.38, 1602.00
  703.64, 1581.00
  703.90, 1472.00
  704.15, 1560.00
  704.41, 1741.00
  704.67, 1724.00
  704.93, 1673.00
  705.18, 2166.00
  705.44, 3702.00
  705.70, 5508.00
  705.95, 4048.00
  706.21, 2067.00
  706.47, 2000.00
  706.72, 1660.00
  706.98, 1540.00
  707.24, 1961.00
  707.49, 1689.00
  707.75, 1524.00
  708.01, 1604.00
  708.26, 1829.00
  708.52, 1894.00
  708.78, 1770.00
  709.03, 1330.00
  709.29, 1478.00
  709.55, 1758.00
  709.80, 1698.00
  710.06, 1697.00
  710.32, 1724.00
  710.57, 1673.00
  710.83, 1578.00
  711.09, 1354.00
  711.34, 1543.00
  711.60, 1819.00
  711.86, 1670.00
  712.11, 1459.00
  712.37, 1506.00
  712.63, 1889.00
  712.88, 1763.00
  713.14, 1575.00
  713.40, 1529.00
  713.65, 1724.00
  713.91, 1670.00
  714.17, 1684.00
  714.42, 1745.00
  714.68, 1713.00
  714.94, 1617.00
  715.19, 1350.00
  715.45, 1633.00
  715.71, 1701.00
  715.96, 1612.00
  716.22, 1514.00
  716.48, 1989.00
  716.73, 2103.00
  716.99, 1617.00
  717.25, 1419.00
  717.50, 1624.00
  717.76, 1986.00
  718.02, 1600.00
  718.27, 1391.00
  718.53, 1514.00
  718.79, 1681.00
  719.04, 1577.00
  719.30, 1333.00
  719.55, 1506.00
  719.81, 1694.00
  720.07, 1595.00
  720.32, 1417.00
  720.58, 1658.00
  720.84, 1810.00
  721.09, 1587.00
  721.35, 1314.00
  721.61, 1498.00
  721.86, 1734.00
  722.12, 1702.00
  722.37, 1579.00
  722.63, 1780.00
  722.89, 1810.00
  723.14, 1729.00
  723.40, 2252.00
  723.66, 3540.00
  723.91, 3501.00
  724.17, 1899.00
  724.43, 1391.00
  724.68, 1476.00
  724.94, 1678.00
  725.19, 1516.00
  725.45, 1336.00
  725.71, 1506.00
  725.96, 1809.00
  726.22, 1613.00
  726.48, 1527.00
  726.73, 1654.00
  726.99, 2543.00
  727.24, 4861.00
  727.50, 5813.00
  727.76, 2745.00
  728.01, 1902.00
  728.27, 1744.00
  728.52, 1568.00
  728.78, 1610.00
  729.04, 1736.00
  729.29, 1717.00
  729.55, 1842.00
  729.81, 1818.00
  730.06, 1972.00
  730.32, 1878.00
  730.57, 1560.00
  730.83, 1474.00
  731.09, 1665.00
  731.34, 1648.00
  731.60, 1630.00
  731.85, 1369.00
  732.11, 1694.00
  732.37, 1760.00
  732.62, 1588.00
  732.88, 1593.00
  733.13, 1790.00
  733.39, 1704.00
  733.65, 1545.00
  733.90, 1611.00
  734.16, 1584.00
  734.41, 1531.00
  734.67, 1531.00
  734.93, 1818.00
  735.18, 1886.00
  735.44, 1649.00
  735.69, 1606.00
  735.95, 1586.00
  736.20, 1819.00
  736.46, 1670.00
  736.72, 1387.00
  736.97, 1374.00
  737.23, 1666.00
  737.48, 1651.00
  737.74, 1492.00
  738.00, 1476.00
  738.25, 1771.00
  738.51, 1660.00
  738.76, 1345.00
  739.02, 1431.00
  739.27, 1715.00
  739.53, 1571.00
  739.79, 1241.00
  740.04, 1386.00
  740.30, 1647.00
  740.55, 1573.00
  740.81, 1423.00
  741.07, 1427.00
  741.32, 1542.00
  741.58, 1564.00
  741.83, 1479.00
  742.09, 1458.00
  742.34, 1791.00
  742.60, 1877.00
  742.86, 1746.00
  743.11, 1990.00
  743.37, 1832.00
  743.62, 1682.00
  743.88, 1399.00
  744.13, 1520.00
  744.39, 1742.00
  744.64, 1617.00
  744.90, 1412.00
  745.16, 1612.00
  745.41, 1754.00
  745.67, 1736.00
  745.92, 1664.00
  746.18, 1624.00
  746.43, 1706.00
  746.69, 1648.00
  746.94, 1578.00
  747.20, 1787.00
  747.46, 1709.00
  747.71, 1840.00
  747.97, 2331.00
  748.22, 2872.00
  748.48, 2312.00
  748.73, 1768.00
  748.99, 1463.00
  749.24, 1578.00
  749.50, 1908.00
  749.76, 1707.00
  750.01, 1461.00
  750.27, 1759.00
  750.52, 2012.00
  750.78, 1590.00
  751.03, 1378.00
  751.29, 1474.00
  751.54, 1739.00
  751.80, 1772.00
  752.05, 1386.00
  752.31, 1581.00
  752.56, 2253.00
  752.82, 2647.00
  753.08, 2066.00
  753.33, 1841.00
  753.59, 2168.00
  753.84, 2046.00
  754.10, 1521.00
  754.35, 1495.00
  754.61, 1653.00
  754.86, 1589.00
  755.12, 1496.00
  755.37, 1636.00
  755.63, 1756.00
  755.88, 1532.00
  756.14, 1400.00
  756.39, 1491.00
  756.65, 1671.00
  756.90, 1635.00
  757.16, 1556.00
  757.41, 1686.00
  757.67, 1647.00
  757.92, 1610.00
  758.18, 1438.00
  758.44, 1484.00
  758.69, 1744.00
  758.95, 1584.00
  759.20, 1438.00
  759.46, 1548.00
  759.71, 1701.00
  759.97, 1697.00
  760.22, 1419.00
  760.48, 1465.00
  760.73, 1629.00
  760.99, 1650.00
  761.24, 1509.00
  761.50, 1524.00
  761.75, 1669.00
  762.01, 1772.00
  762.26, 1338.00
  762.52, 1406.00
  762.77, 1845.00
  763.03, 2013.00
  763.28, 1373.00
  763.54, 1484.00
  763.79, 1749.00
  764.05, 1464.00
  764.30, 1324.00
  764.56, 1473.00
  764.81, 1810.00
  765.07, 1592.00
  765.32, 1334.00
  765.58, 1596.00
  765.83, 1656.00
  766.09, 1564.00
  766.34, 1619.00
  766.60, 1732.00
  766.85, 1794.00
  767.11, 1723.00
  767.36, 1401.00
  767.62, 1435.00
  767.87, 1694.00
  768.13, 1573.00
  768.38, 1459.00
  768.63, 1549.00
  768.89, 1749.00
  769.14, 1670.00
  769.40, 1340.00
  769.65, 1461.00
  769.91, 1805.00
  770.16, 1616.00
  770.42, 1309.00
  770.67, 1473.00
  770.93, 1772.00
  771.18, 1850.00
  771.44, 1390.00
  771.69, 1555.00
  771.95, 1748.00
  772.20, 1772.00
  772.46, 1358.00
  772.71, 1507.00
  772.97, 1726.00
  773.22, 1592.00
  773.47, 1523.00
  773.73, 1537.00
  773.98, 1778.00
  774.24, 1703.00
  774.49, 1414.00
  774.75, 1418.00
  775.00, 1642.00
  775.26, 1544.00
  775.51, 1311.00
  775.77, 1495.00
  776.02, 1832.00
  776.28, 1878.00
  776.53, 1489.00
  776.78, 1470.00
  777.04, 1656.00
  777.29, 1674.00
  777.55, 1489.00
  777.80, 1657.00
  778.06, 1668.00
  778.31, 1657.00
  778.57, 1568.00
  778.82, 1557.00
  779.08, 1799.00
  779.33, 1754.00
  779.58, 1474.00
  779.84, 1435.00
  780.09, 1695.00
  780.35, 1637.00
  780.60, 1342.00
  780.86, 1448.00
  781.11, 1553.00
  781.37, 1491.00
  781.62, 1444.00
  781.87, 1709.00
  782.13, 1930.00
  782.38, 1653.00
  782.64, 1483.00
  782.89, 1553.00
  783.15, 1798.00
  783.40, 1642.00
  783.65, 1458.00
  783.91, 1609.00
  784.16, 1842.00
  784.42, 1654.00
  784.67, 1488.00
  784.93, 1552.00
  785.18, 1846.00
  785.43, 1684.00
  785.69, 1466.00
  785.94, 1528.00
  786.20, 1603.00
  786.45, 1666.00
  786.71, 1678.00
  786.96, 1623.00
  787.21, 1711.00
  787.47, 1596.00
  787.72, 1328.00
  787.98, 1537.00
  788.23, 1697.00
  788.49, 1579.00
  788.74, 1515.00
  788.99, 1607.00
  789.25, 1742.00
  789.50, 1683.00
  789.76, 1443.00
  790.01, 1621.00
  790.26, 1782.00
  790.52, 1699.00
  790.77, 1444.00
  791.03, 1377.00
  791.28, 1600.00
  791.53, 1685.00
  791.79, 1482.00
  792.04, 1518.00
  792.30, 1707.00
  792.55, 1597.00
  792.80, 1364.00
  793.06, 1571.00
  793.31, 1779.00
  793.57, 1831.00
  793.82, 1655.00
  794.07, 1613.00
  794.33, 1899.00
  794.58, 1775.00
  794.84, 1582.00
  795.09, 1590.00
  795.34, 1906.00
  795.60, 1467.00
  795.85, 1373.00
  796.11, 1557.00
  796.36, 1677.00
  796.61, 1632.00
  796.87, 1339.00
  797.12, 1462.00
  797.38, 1881.00
  797.63, 1853.00
  797.88, 1724.00
  798.14, 1411.00
  798.39, 1548.00
  798.64, 1618.00
  798.90, 1379.00
  799.15, 1485.00
  799.41, 1914.00
  799.66, 1930.00
  799.91, 1437.00
  800.17, 1559.00
  800.42, 1664.00
  800.67, 1608.00
  800.93, 1554.00
  801.18, 1755.00
  801.44, 1905.00
  801.69, 1776.00
  801.94, 1612.00
  802.20, 1560.00
  802.45, 1733.00
  802.70, 1771.00
  802.96, 1586.00
  803.21, 1675.00
  803.47, 1850.00
  803.72, 1669.00
  803.97, 1512.00
  804.23, 1781.00
  804.48, 1749.00
  804.73, 1626.00
  804.99, 1447.00
  805.24, 1571.00
  805.49, 1819.00
  805.75, 1669.00
  806.00, 1512.00
  806.26, 1508.00
  806.51, 1650.00
  806.76, 1542.00
  807.02, 1348.00
  807.27, 1651.00
  807.52, 1784.00
  807.78, 1659.00
  808.03, 1522.00
  808.28, 1664.00
  808.54, 1679.00
  808.79, 1617.00
  809.04, 1516.00
  809.30, 1830.00
  809.55, 2148.00
  809.80, 1592.00
  810.06, 1462.00
  810.31, 1779.00
  810.56, 1882.00
  810.82, 1635.00
  811.07, 1549.00
  811.32, 1634.00
  811.58, 1691.00
  811.83, 1548.00
  812.08, 1521.00
  812.34, 1714.00
  812.59, 1808.00
  812.84, 1826.00
  813.10, 1629.00
  813.35, 1656.00
  813.60, 1622.00
  813.86, 1682.00
  814.11, 1780.00
  814.36, 1712.00
  814.62, 1834.00
  814.87, 1632.00
  815.12, 1471.00
  815.38, 1476.00
  815.63, 1683.00
  815.88, 1621.00
  816.14, 1527.00
  816.39, 1582.00
  816.64, 1762.00
  816.90, 1575.00
  817.15, 1333.00
  817.40, 1433.00
  817.66, 1808.00
  817.91, 1610.00
  818.16, 1360.00
  818.42, 1576.00
  818.67, 1740.00
  818.92, 1622.00
  819.18, 1423.00
  819.43, 1541.00
  819.68, 1770.00
  819.93, 1619.00
  820.19, 1298.00
  820.44, 1440.00
  820.69, 1794.00
  820.95, 1894.00
  821.20, 1503.00
  821.45, 1665.00
  821.71, 1845.00
  821.96, 1734.00
  822.21, 1385.00
  822.47, 1483.00
  822.72, 1723.00
  822.97, 1762.00
  823.22, 1659.00
  823.48, 1541.00
  823.73, 1510.00
  823.98, 1539.00
  824.24, 1484.00
  824.49, 1534.00
  824.74, 1791.00
  824.99, 1845.00
  825.25, 1536.00
  825.50, 1629.00
  825.75, 1808.00
  826.01, 1605.00
  826.26, 1468.00
  826.51, 1767.00
  826.77, 1873.00
  827.02, 1790.00
  827.27, 1516.00
  827.52, 1439.00
  827.78, 1710.00
  828.03, 1706.00
  828.28, 1610.00
  828.53, 1692.00
  828.79, 1782.00
  829.04, 1798.00
  829.29, 1850.00
  829.55, 1791.00
  829.80, 1741.00
  830.05, 1800.00
  830.30, 1457.00
  830.56, 1443.00
  830.81, 1639.00
  831.06, 1600.00
  831.32, 1401.00
  831.57, 1582.00
  831.82, 1728.00
  832.07, 1629.00
  832.33, 1424.00
  832.58, 1452.00
  832.83, 1729.00
  833.08, 1622.00
  833.34, 1417.00
  833.59, 1725.00
  833.84, 1826.00
  834.09, 1536.00
  834.35, 1440.00
  834.60, 1616.00
  834.85, 1722.00
  835.10, 1610.00
  835.36, 1452.00
  835.61, 1499.00
  835.86, 1761.00
  836.11, 1707.00
  836.37, 1498.00
  836.62, 1701.00
  836.87, 2661.00
  837.12, 2757.00
  837.38, 1896.00
  837.63, 1766.00
  837.88, 2009.00
  838.13, 1722.00
  838.39, 1470.00
  838.64, 1745.00
  838.89, 1848.00
  839.14, 1743.00
  839.40, 1301.00
  839.65, 1386.00
  839.90, 1584.00
  840.15, 1641.00
  840.41, 1368.00
  840.66, 1660.00
  840.91, 1969.00
  841.16, 2080.00
  841.42, 1548.00
  841.67, 1559.00
  841.92, 1760.00
  842.17, 1713.00
  842.43, 1456.00
  842.68, 1450.00
  842.93, 1623.00
  843.18, 1560.00
  843.43, 1346.00
  843.69, 1522.00
  843.94, 1700.00
  844.19, 1597.00
  844.44, 1491.00
  844.70, 1406.00
  844.95, 1577.00
  845.20, 1594.00
  845.45, 1562.00
  845.70, 1578.00
  845.96, 1789.00
  846.21, 1737.00
  846.46, 1406.00
  846.71, 1408.00
  846.97, 1801.00
  847.22, 1739.00
  847.47, 1516.00
  847.72, 1657.00
  847.97, 1734.00
  848.23, 1674.00
  848.48, 1589.00
  848.73, 1973.00
  848.98, 2285.00
  849.23, 1822.00
  849.49, 1562.00
  849.74, 1585.00
  849.99, 1650.00
  850.24, 1526.00
  850.50, 1409.00
  850.75, 1562.00
  851.00, 1625.00
  851.25, 1655.00
  851.50, 1435.00
  851.76, 1441.00
  852.01, 1572.00
  852.26, 1519.00
  852.51, 1505.00
  852.76, 1633.00
  853.02, 1783.00
  853.27, 1637.00
  853.52, 1502.00
  853.77, 1529.00
  854.02, 1867.00
  854.27, 1771.00
  854.53, 1366.00
  854.78, 1353.00
  855.03, 1508.00
  855.28, 1587.00
  855.53, 1671.00
  855.79, 1550.00
  856.04, 1711.00
  856.29, 1626.00
  856.54, 1333.00
  856.79, 1398.00
  857.05, 1687.00
  857.30, 1681.00
  857.55, 1580.00
  857.80, 1545.00
  858.05, 1791.00
  858.30, 1846.00
  858.56, 1756.00
  858.81, 1606.00
  859.06, 1823.00
  859.31, 1535.00
  859.56, 1410.00
  859.81, 1517.00
  860.07, 1539.00
  860.32, 1492.00
  860.57, 1419.00
  860.82, 1568.00
  861.07, 1979.00
  861.32, 1693.00
  861.58, 1416.00
  861.83, 1464.00
  862.08, 1633.00
  862.33, 1671.00
  862.58, 1773.00
  862.83, 1985.00
  863.09, 1853.00
  863.34, 1805.00
  863.59, 1589.00
  863.84, 1513.00
  864.09, 1907.00
  864.34, 1965.00
  864.60, 1860.00
  864.85, 1934.00
  865.10, 2014.00
  865.35, 1948.00
  865.60, 1488.00
  865.85, 1531.00
  866.10, 1820.00
  866.36, 1612.00
  866.61, 1409.00
  866.86, 1422.00
  867.11, 1815.00
  867.36, 1944.00
  867.61, 1694.00
  867.86, 1584.00
  868.12, 1668.00
  868.37, 1638.00
  868.62, 1359.00
  868.87, 1426.00
  869.12, 1660.00
  869.37, 1588.00
  869.62, 1345.00
  869.88, 1534.00
  870.13, 1881.00
  870.38, 1663.00
  870.63, 1384.00
  870.88, 1545.00
  871.13, 1716.00
  871.38, 1694.00
  871.64, 1443.00
  871.89, 1375.00
  872.14, 1668.00
  872.39, 1819.00
  872.64, 1449.00
  872.89, 1454.00
  873.14, 1725.00
  873.39, 1681.00
  873.65, 1567.00
  873.90, 1738.00
  874.15, 1663.00
  874.40, 1600.00
  874.65, 1469.00
  874.90, 1580.00
  875.15, 1624.00
  875.40, 1487.00
  875.65, 1287.00
  875.91, 1411.00
  876.16, 1696.00
  876.41, 1670.00
  876.66, 1654.00
  876.91, 1754.00
  877.16, 1962.00
  877.41, 2095.00
  877.66, 2129.00
  877.91, 2056.00
  878.17, 1999.00
  878.42, 1629.00
  878.67, 1514.00
  878.92, 1642.00
  879.17, 1754.00
  879.42, 1638.00
  879.67, 1456.00
  879.92, 1481.00
  880.17, 1836.00
  880.43, 1706.00
  880.68, 1329.00
  880.93, 1497.00
  881.18, 1627.00
  881.43, 1619.00
  881.68, 1448.00
  881.93, 1541.00
  882.18, 1715.00
  882.43, 1590.00
  882.68, 1375.00
  882.93, 1414.00
  883.19, 1834.00
  883.44, 1869.00
  883.69, 1590.00
  883.94, 1552.00
  884.19, 1562.00
  884.44, 1645.00
  884.69, 1608.00
  884.94, 1542.00
  885.19, 1665.00
  885.44, 1724.00
  885.69, 1512.00
  885.94, 1698.00
  886.20, 1976.00
  886.45, 1779.00
  886.70, 1434.00
  886.95, 1525.00
  887.20, 1790.00
  887.45, 1682.00
  887.70, 1505.00
  887.95, 1459.00
  888.20, 1701.00
  888.45, 1703.00
  888.70, 1547.00
  888.95, 1649.00
  889.20, 1810.00
  889.45, 1632.00
  889.71, 1438.00
  889.96, 1555.00
  890.21, 1641.00
  890.46, 1600.00
  890.71, 1510.00
  890.96, 1604.00
  891.21, 1939.00
  891.46, 1761.00
  891.71, 1650.00
  891.96, 1514.00
  892.21, 1682.00
  892.46, 1778.00
  892.71, 1314.00
  892.96, 1381.00
  893.21, 1632.00
  893.46, 1524.00
  893.71, 1370.00
  893.97, 1435.00
  894.22, 1627.00
  894.47, 1547.00
  894.72, 1296.00
  894.97, 1500.00
  895.22, 1728.00
  895.47, 1766.00
  895.72, 1483.00
  895.97, 1490.00
  896.22, 1785.00
  896.47, 1705.00
  896.72, 1382.00
  896.97, 1656.00
  897.22, 1896.00
  897.47, 1644.00
  897.72, 1516.00
  897.97, 1586.00
  898.22, 1741.00
  898.47, 1765.00
  898.72, 1728.00
  898.97, 1536.00
  899.22, 1664.00
  899.47, 1687.00
  899.72, 1440.00
  899.97, 1383.00
  900.22, 1741.00
  900.48, 1616.00
  900.73, 1494.00
  900.98, 1621.00
  901.23, 1639.00
  901.48, 1578.00
  901.73, 1486.00
  901.98, 1646.00
  902.23, 1770.00
  902.48, 1669.00
  902.73, 1466.00
  902.98, 2002.00
  903.23, 2660.00
  903.48, 1680.00
  903.73, 1264.00
  903.98, 1488.00
  904.23, 1804.00
  904.48, 1570.00
  904.73, 1476.00
  904.98, 1587.00
  905.23, 1737.00
  905.48, 1534.00
  905.73, 1430.00
  905.98, 1533.00
  906.23, 1712.00
  906.48, 1695.00
  906.73, 1587.00
  906.98, 1475.00
  907.23, 1512.00
  907.48, 1438.00
  907.73, 1354.00
  907.98, 1421.00
  908.23, 1712.00
  908.48, 1735.00
  908.73, 1408.00
  908.98, 1415.00
  909.23, 1731.00
  909.48, 1677.00
  909.73, 1356.00
  909.98, 1407.00
  910.23, 1619.00
  910.48, 1428.00
  910.73, 1307.00
  910.98, 1444.00
  911.23, 1559.00
  911.48, 1504.00
  911.73, 1425.00
  911.98, 1585.00
  912.23, 1632.00
  912.48, 1512.00
  912.73, 1302.00
  912.98, 1513.00
  913.23, 1707.00
  913.48, 1621.00
  913.73, 1436.00
  913.98, 1456.00
  914.23, 1693.00
  914.48, 1611.00
  914.73, 1459.00
  914.98, 1587.00
  915.23, 1699.00
  915.47, 1755.00
  915.72, 1507.00
  915.97, 1408.00
  916.22, 1548.00
  916.47, 1626.00
  916.72, 1518.00
  916.97, 1483.00
  917.22, 1591.00
  917.47, 1658.00
  917.72, 1590.00
  917.97, 1631.00
  918.22, 1655.00
  918.47, 1565.00
  918.72, 1492.00
  918.97, 1702.00
  919.22, 1713.00
  919.47, 1648.00
  919.72, 1446.00
  919.97, 1544.00
  920.22, 1777.00
  920.47, 1669.00
  920.72, 1506.00
  920.97, 1500.00
  921.22, 1716.00
  921.47, 1589.00
  921.72, 1468.00
  921.96, 1724.00
  922.21, 1862.00
  922.46, 1624.00
  922.71, 1259.00
  922.96, 1408.00
  923.21, 1704.00
  923.46, 1662.00
  923.71, 1467.00
  923.96, 1488.00
  924.21, 1623.00
  924.46, 1568.00
  924.71, 1481.00
  924.96, 1387.00
  925.21, 1479.00
  925.46, 1578.00
  925.71, 1611.00
  925.96, 1579.00
  926.20, 1792.00
  926.45, 1613.00
  926.70, 1327.00
  926.95, 1440.00
  927.20, 1623.00
  927.45, 1570.00
  927.70, 1340.00
  927.95, 1417.00
  928.20, 1648.00
  928.45, 1528.00
  928.70, 1318.00
  928.95, 1458.00
  929.20, 1639.00
  929.45, 1573.00
  929.69, 1372.00
  929.94, 1531.00
  930.19, 1734.00
  930.44, 1737.00
  930.69, 1531.00
  930.94, 1784.00
  931.19, 1659.00
  931.44, 1610.00
  931.69, 1605.00
  931.94, 1681.00
  932.19, 1579.00
  932.44, 1623.00
  932.68, 1444.00
  932.93, 1465.00
  933.18, 1775.00
  933.43, 1697.00
  933.68, 1489.00
  933.93, 1549.00
  934.18, 1703.00
  934.43, 1636.00
  934.68, 1284.00
  934.93, 1344.00
  935.17, 1604.00
  935.42, 1638.00
  935.67, 1402.00
  935.92, 1392.00
  936.17, 1683.00
  936.42, 1682.00
  936.67, 1634.00
  936.92, 1565.00
  937.17, 1656.00
  937.42, 1595.00
  937.66, 1417.00
  937.91, 1572.00
  938.16, 1792.00
  938.41, 1614.00
  938.66, 1387.00
  938.91, 1530.00
  939.16, 1576.00
  939.41, 1468.00
  939.66, 1408.00
  939.90, 1566.00
  940.15, 1740.00
  940.40, 1697.00
  940.65, 1440.00
  940.90, 1526.00
  941.15, 1846.00
  941.40, 1894.00
  941.65, 1684.00
  941.89, 1495.00
  942.14, 1768.00
  942.39, 1768.00
  942.64, 1565.00
  942.89, 1512.00
  943.14, 1759.00
  943.39, 1682.00
  943.64, 1390.00
  943.88, 1338.00
  944.13, 1529.00
  944.38, 1595.00
  944.63, 1394.00
  944.88, 1538.00
  945.13, 1905.00
  945.38, 1923.00
  945.63, 1563.00
  945.87, 1664.00
  946.12, 1719.00
  946.37, 1931.00
  946.62, 1776.00
  946.87, 1551.00
  947.12, 1597.00
  947.37, 1655.00
  947.61, 1553.00
  947.86, 1517.00
  948.11, 2230.00
  948.36, 3009.00
  948.61, 1532.00
  948.86, 1395.00
  949.10, 1544.00
  949.35, 1588.00
  949.60, 1480.00
  949.85, 1572.00
  950.10, 1787.00
  950.35, 1641.00
  950.60, 1505.00
  950.84, 1666.00
  951.09, 1697.00
  951.34, 1692.00
  951.59, 1575.00
  951.84, 1651.00
  952.09, 1730.00
  952.33, 1596.00
  952.58, 1443.00
  952.83, 1609.00
  953.08, 1926.00
  953.33, 1625.00
  953.58, 1428.00
  953.82, 1547.00
  954.07, 2021.00
  954.32, 2182.00
  954.57, 1636.00
  954.82, 1602.00
  955.07, 1692.00
  955.31, 1813.00
  955.56, 1446.00
  955.81, 1608.00
  956.06, 1688.00
  956.31, 1612.00
  956.56, 1392.00
  956.80, 1543.00
  957.05, 1706.00
  957.30, 1669.00
  957.55, 1431.00
  957.80, 1459.00
  958.04, 1706.00
  958.29, 1805.00
  958.54, 1502.00
  958.79, 1477.00
  959.04, 1609.00
  959.29, 1727.00
  959.53, 1681.00
  959.78, 1685.00
  960.03, 1609.00
  960.28, 1641.00
  960.53, 1540.00
  960.77, 1534.00
  961.02, 1862.00
  961.27, 1783.00
  961.52, 1526.00
  961.77, 1555.00
  962.01, 1692.00
  962.26, 1690.00
  962.51, 1372.00
  962.76, 1560.00
  963.01, 1758.00
  963.25, 1664.00
  963.50, 1575.00
  963.75, 1637.00
  964.00, 1878.00
  964.25, 1877.00
  964.49, 1536.00
  964.74, 1407.00
  964.99, 1723.00
  965.24, 1648.00
  965.49, 1466.00
  965.73, 1542.00
  965.98, 1648.00
  966.23, 1600.00
  966.48, 1523.00
  966.72, 1603.00
  966.97, 1914.00
  967.22, 1759.00
  967.47, 1645.00
  967.72, 1506.00
  967.96, 1581.00
  968.21, 1623.00
  968.46, 1562.00
  968.71, 1474.00
  968.95, 1747.00
  969.20, 1561.00
  969.45, 1385.00
  969.70, 1431.00
  969.95, 1761.00
  970.19, 1709.00
  970.44, 1323.00
  970.69, 1424.00
  970.94, 1725.00
  971.18, 1688.00
  971.43, 1513.00
  971.68, 1535.00
  971.93, 1580.00
  972.17, 1698.00
  972.42, 1606.00
  972.67, 1548.00
  972.92, 1673.00
  973.17, 1593.00
  973.41, 1532.00
  973.66, 1682.00
  973.91, 1662.00
  974.16, 1609.00
  974.40, 1364.00
  974.65, 1566.00
  974.90, 1808.00
  975.15, 1720.00
  975.39, 1562.00
  975.64, 1635.00
  975.89, 1842.00
  976.14, 1825.00
  976.38, 1507.00
  976.63, 1616.00
  976.88, 1728.00
  977.13, 1728.00
  977.37, 1542.00
  977.62, 1549.00
  977.87, 1845.00
  978.12, 1808.00
  978.36, 1437.00
  978.61, 1542.00
  978.86, 1709.00
  979.10, 1657.00
  979.35, 1682.00
  979.60, 1613.00
  979.85, 1720.00
  980.09, 1585.00
  980.34, 1419.00
  980.59, 1464.00
  980.84, 1709.00
  981.08, 1694.00
  981.33, 1506.00
  981.58, 1557.00
  981.83, 1703.00
  982.07, 1512.00
  982.32, 1385.00
  982.57, 1396.00
  982.81, 1630.00
  983.06, 1435.00
  983.31, 1406.00
  983.56, 1430.00
  983.80, 1639.00
  984.05, 1654.00
  984.30, 1493.00
  984.54, 1538.00
  984.79, 1733.00
  985.04, 1647.00
  985.29, 1483.00
  985.53, 1547.00
  985.78, 1786.00
  986.03, 1696.00
  986.27, 1473.00
  986.52, 1522.00
  986.77, 1781.00
  987.02, 1578.00
  987.26, 1405.00
  987.51, 1626.00
  987.76, 1799.00
  988.00, 1736.00
  988.25, 1394.00
  988.50, 1540.00
  988.75, 1774.00
  988.99, 1606.00
  989.24, 1362.00
  989.49, 1465.00
  989.73, 1664.00
  989.98, 1641.00
  990.23, 1650.00
  990.47, 1591.00
  990.72, 1763.00
  990.97, 1624.00
  991.21, 1580.00
  991.46, 1627.00
  991.71, 1603.00
  991.96, 1551.00
  992.20, 1515.00
  992.45, 1518.00
  992.70, 1684.00
  992.94, 1601.00
  993.19, 1435.00
  993.44, 1584.00
  993.68, 1883.00
  993.93, 1736.00
  994.18, 1697.00
  994.42, 1586.00
  994.67, 1917.00
  994.92, 1776.00
  995.16, 1485.00
  995.41, 1424.00
  995.66, 1492.00
  995.90, 1515.00
  996.15, 1680.00
  996.40, 1700.00
  996.64, 1636.00
  996.89, 1670.00
  997.14, 1554.00
  997.38, 1478.00
  997.63, 1737.00
  997.88, 1580.00
  998.12, 1421.00
  998.37, 1588.00
  998.62, 1770.00
  998.86, 1865.00
  999.11, 1509.00
  999.36, 1558.00
  999.60, 1684.00
  999.85, 1499.00
 1000.10, 1338.00
 1000.34, 1345.00
 1000.59, 1614.00
 1000.84, 1652.00
 1001.08, 1472.00
 1001.33, 1562.00
 1001.58, 1701.00
 1001.82, 1587.00
 1002.07, 1509.00
 1002.32, 1579.00
 1002.56, 1718.00
 1002.81, 1645.00
 1003.06, 1435.00
 1003.30, 1473.00
 1003.55, 1665.00
 1003.80, 1667.00
 1004.04, 1461.00
 1004.29, 1590.00
 1004.53, 1824.00
 1004.78, 1808.00
 1005.03, 1604.00
 1005.27, 1536.00
 1005.52, 1843.00
 1005.77, 1751.00
 1006.01, 1547.00
 1006.26, 1717.00
 1006.51, 1851.00
 1006.75, 1660.00
 1007.00, 1328.00
 1007.24, 1364.00
 1007.49, 1642.00
 1007.74, 1559.00
 1007.98, 1373.00
 1008.23, 1536.00
 1008.48, 1692.00
 1008.72, 1684.00
 1008.97, 1535.00
 1009.21, 1509.00
 1009.46, 1784.00
 1009.71, 1825.00
 1009.95, 1631.00
 1010.20, 1507.00
 1010.45, 1688.00
 1010.69, 1600.00
 1010.94, 1389.00
 1011.18, 1462.00
 1011.43, 1619.00
 1011.68, 1596.00
 1011.92, 1560.00
 1012.17, 1682.00
 1012.41, 1665.00
 1012.66, 1564.00
 1012.91, 1375.00
 1013.15, 1514.00
 1013.40, 1784.00
 1013.65, 1712.00
 1013.89, 1469.00
 1014.14, 1411.00
 1014.38, 1597.00
 1014.63, 1581.00
 1014.88, 1398.00
 1015.12, 1421.00
 1015.37, 1630.00
 1015.61, 1680.00
 1015.86, 1455.00
 1016.11, 1632.00
 1016.35, 1712.00
 1016.60, 1606.00
 1016.84, 1536.00
 1017.09, 1536.00
 1017.33, 1774.00
 1017.58, 1713.00
 1017.83, 1542.00
 1018.07, 1568.00
 1018.32, 1740.00
 1018.56, 1547.00
 1018.81, 1358.00
 1019.06, 1452.00
 1019.30, 1653.00
 1019.55, 1601.00
 1019.79, 1503.00
 1020.04, 1815.00
 1020.29, 1848.00
 1020.53, 1558.00
 1020.78, 1408.00
 1021.02, 1515.00
 1021.27, 1626.00
 1021.51, 1572.00
 1021.76, 1460.00
 1022.01, 1528.00
 1022.25, 1761.00
 1022.50, 1694.00
 1022.74, 1438.00
 1022.99, 1503.00
 1023.23, 1738.00
 1023.48, 1804.00
 1023.73, 1627.00
 1023.97, 1553.00
 1024.22, 1686.00
 1024.46, 1544.00
 1024.71, 1322.00
 1024.95, 1456.00
 1025.20, 1604.00
 1025.44, 1519.00
 1025.69, 1510.00
 1025.94, 1524.00
 1026.18, 1608.00
 1026.43, 1627.00
 1026.67, 1393.00
 1026.92, 1663.00
 1027.16, 1825.00
 1027.41, 1511.00
 1027.65, 1380.00
 1027.90, 1578.00
 1028.15, 1662.00
 1028.39, 1512.00
 1028.64, 1302.00
 1028.88, 1538.00
 1029.13, 1820.00
 1029.37, 1624.00
 1029.62, 1264.00
 1029.86, 1444.00
 1030.11, 1709.00
 1030.35, 1656.00
 1030.60, 1555.00
 1030.85, 1521.00
 1031.09, 1605.00
 1031.34, 1609.00
 1031.58, 1657.00
 1031.83, 1761.00
 1032.07, 1568.00
 1032.32, 1518.00
 1032.56, 1348.00
 1032.81, 1491.00
 1033.05, 1768.00
 1033.30, 1657.00
 1033.54, 1387.00
 1033.79, 1614.00
 1034.03, 1857.00
 1034.28, 1786.00
 1034.53, 1553.00
 1034.77, 1627.00
 1035.02, 1779.00
 1035.26, 1651.00
 1035.51, 1489.00
 1035.75, 1648.00
 1036.00, 1790.00
 1036.24, 1843.00
 1036.49, 1533.00
 1036.73, 1590.00
 1036.98, 1767.00
 1037.22, 1736.00
 1037.47, 1595.00
 1037.71, 1548.00
 1037.96, 1730.00
 1038.20, 1646.00
 1038.45, 1477.00
 1038.69, 1512.00
 1038.94, 1630.00
 1039.18, 1631.00
 1039.43, 1517.00
 1039.67, 1499.00
 1039.92, 1688.00
 1040.16, 1779.00
 1040.41, 1441.00
 1040.65, 1377.00
 1040.90, 1762.00
 1041.14, 1732.00
 1041.39, 1475.00
 1041.63, 1520.00
 1041.88, 1790.00
 1042.12, 1856.00
 1042.37, 1542.00
 1042.61, 1470.00
 1042.86, 1595.00
 1043.10, 1440.00
 1043.35, 1488.00
 1043.59, 2042.00
 1043.84, 1957.00
 1044.08, 1744.00
 1044.33, 1383.00
 1044.57, 1665.00
 1044.82, 1900.00
 1045.06, 1631.00
 1045.31, 1519.00
 1045.55, 1454.00
 1045.80, 1614.00
 1046.04, 1651.00
 1046.29, 1466.00
 1046.53, 1410.00
 1046.78, 1661.00
 1047.02, 1720.00
 1047.27, 1488.00
 1047.51, 1654.00
 1047.75, 1825.00
 1048.00, 1637.00
 1048.24, 1564.00
 1048.49, 1773.00
 1048.73, 1742.00
 1048.98, 1658.00
 1049.22, 1420.00
 1049.47, 1464.00
 1049.71, 1723.00
 1049.96, 1614.00
 1050.20, 1322.00
 1050.45, 1381.00
 1050.69, 1637.00
 1050.94, 1677.00
 1051.18, 1400.00
 1051.42, 1487.00
 1051.67, 1657.00
 1051.91, 1629.00
 1052.16, 1549.00
 1052.40, 1635.00
 1052.65, 1713.00
 1052.89, 1517.00
 1053.14, 1401.00
 1053.38, 1587.00
 1053.63, 1658.00
 1053.87, 1671.00
 1054.11, 1332.00
 1054.36, 1353.00
 1054.60, 2842.00
 1054.85, 4400.00
 1055.09, 1797.00
 1055.34, 1678.00
 1055.58, 1712.00
 1055.83, 1765.00
 1056.07, 1461.00
 1056.31, 1549.00
 1056.56, 1774.00
 1056.80, 1707.00
 1057.05, 1445.00
 1057.29, 1539.00
 1057.54, 1793.00
 1057.78, 1793.00
 1058.02, 1590.00
 1058.27, 1830.00
 1058.51, 1795.00
 1058.76, 1644.00
 1059.00, 1422.00
 1059.25, 1411.00
 1059.49, 1658.00
 1059.74, 1612.00
 1059.98, 1556.00
 1060.22, 1762.00
 1060.47, 1697.00
 1060.71, 1603.00
 1060.96, 1403.00
 1061.20, 1549.00
 1061.44, 1703.00
 1061.69, 2410.00
 1061.93, 3147.00
 1062.18, 1713.00
 1062.42, 1712.00
 1062.67, 1549.00
 1062.91, 1323.00
 1063.15, 1396.00
 1063.40, 1719.00
 1063.64, 1585.00
 1063.89, 1427.00
 1064.13, 1526.00
 1064.37, 1678.00
 1064.62, 1618.00
 1064.86, 1526.00
 1065.11, 1460.00
 1065.35, 1636.00
 1065.59, 1815.00
 1065.84, 1676.00
 1066.08, 1716.00
 1066.33, 1870.00
 1066.57, 1707.00
 1066.81, 1649.00
 1067.06, 1544.00
 1067.30, 1772.00
 1067.55, 1653.00
 1067.79, 1422.00
 1068.03, 1404.00
 1068.28, 1593.00
 1068.52, 1683.00
 1068.77, 1680.00
 1069.01, 1618.00
 1069.25, 1984.00
 1069.50, 1715.00
 1069.74, 1292.00
 1069.99, 1504.00
 1070.23, 1815.00
 1070.47, 1556.00
 1070.72, 1364.00
 1070.96, 1468.00
 1071.20, 1618.00
 1071.45, 1697.00
 1071.69, 1552.00
 1071.94, 1425.00
 1072.18, 1729.00
 1072.42, 1713.00
 1072.67, 1632.00
 1072.91, 1641.00
 1073.15, 1647.00
 1073.40, 1546.00
 1073.64, 1570.00
 1073.89, 1485.00
 1074.13, 1810.00
 1074.37, 1770.00
 1074.62, 1362.00
 1074.86, 1639.00
 1075.10, 2098.00
 1075.35, 1660.00
 1075.59, 1722.00
 1075.83, 1881.00
 1076.08, 1735.00
 1076.32, 1622.00
 1076.57, 1426.00
 1076.81, 1518.00
 1077.05, 1686.00
 1077.30, 1506.00
 1077.54, 1388.00
 1077.78, 1583.00
 1078.03, 1709.00
 1078.27, 1749.00
 1078.51, 1581.00
 1078.76, 1455.00
 1079.00, 1763.00
 1079.24, 1770.00
 1079.49, 1465.00
 1079.73, 1564.00
 1079.97, 1706.00
 1080.22, 1506.00
 1080.46, 1356.00
 1080.71, 1681.00
 1080.95, 1969.00
 1081.19, 1784.00
 1081.44, 1630.00
 1081.68, 1707.00
 1081.92, 1786.00
 1082.17, 1630.00
 1082.41, 1374.00
 1082.65, 1533.00
 1082.90, 1761.00
 1083.14, 1683.00
 1083.38, 1553.00
 1083.63, 1540.00
 1083.87, 1655.00
 1084.11, 1712.00
 1084.36, 1573.00
 1084.60, 1660.00
 1084.84, 1745.00
 1085.09, 1626.00
 1085.33, 1488.00
 1085.57, 1583.00
 1085.81, 1790.00
 1086.06, 1635.00
 1086.30, 1508.00
 1086.54, 1626.00
 1086.79, 1814.00
 1087.03, 1752.00
 1087.27, 1698.00
 1087.52, 1590.00
 1087.76, 1729.00
 1088.00, 1776.00
 1088.25, 1621.00
 1088.49, 1620.00
 1088.73, 1782.00
 1088.98, 1789.00
 1089.22, 1397.00
 1089.46, 1491.00
 1089.71, 1719.00
 1089.95, 1724.00
 1090.19, 1429.00
 1090.43, 1435.00
 1090.68, 1829.00
 1090.92, 1964.00
 1091.16, 1449.00
 1091.41, 1400.00
 1091.65, 1759.00
 1091.89, 1858.00
 1092.14, 1533.00
 1092.38, 1540.00
 1092.62, 1812.00
 1092.86, 1763.00
 1093.11, 1633.00
 1093.35, 1623.00
 1093.59, 1670.00
 1093.84, 1587.00
 1094.08, 1448.00
 1094.32, 1419.00
 1094.56, 1758.00
 1094.81, 1735.00
 1095.05, 1544.00
 1095.29, 1525.00
 1095.54, 1726.00
 1095.78, 1800.00
 1096.02, 1532.00
 1096.26, 1619.00
 1096.51, 1693.00
 1096.75, 1567.00
 1096.99, 1599.00
 1097.24, 1605.00
 1097.48, 1707.00
 1097.72, 1627.00
 1097.96, 1371.00
 1098.21, 1508.00
 1098.45, 1848.00
 1098.69, 1737.00
 1098.93, 1478.00
 1099.18, 1503.00
 1099.42, 1767.00
 1099.66, 1815.00
 1099.90, 1480.00
 1100.15, 1553.00
 1100.39, 1740.00
 1100.63, 1552.00
 1100.88, 1404.00
 1101.12, 1485.00
 1101.36, 1714.00
 1101.60, 1643.00
 1101.85, 1577.00
 1102.09, 1637.00
 1102.33, 1824.00
 1102.57, 1822.00
 1102.82, 1664.00
 1103.06, 1583.00
 1103.30, 1925.00
 1103.54, 1803.00
 1103.79, 1582.00
 1104.03, 1626.00
 1104.27, 1803.00
 1104.51, 1765.00
 1104.76, 1408.00
 1105.00, 1458.00
 1105.24, 1769.00
 1105.48, 1584.00
 1105.73, 1551.00
 1105.97, 1880.00
 1106.21, 1906.00
 1106.45, 1703.00
 1106.70, 1296.00
 1106.94, 1401.00
 1107.18, 1582.00
 1107.42, 1514.00
 1107.66, 1320.00
 1107.91, 1446.00
 1108.15, 1859.00
 1108.39, 1754.00
 1108.63, 1610.00
 1108.88, 1694.00
 1109.12, 1792.00
 1109.36, 1743.00
 1109.60, 1430.00
 1109.85, 1359.00
 1110.09, 1583.00
 1110.33, 1642.00
 1110.57, 1342.00
 1110.81, 1540.00
 1111.06, 1772.00
 1111.30, 1594.00
 1111.54, 1496.00
 1111.78, 1739.00
 1112.03, 1829.00
 1112.27, 1664.00
 1112.51, 1473.00
 1112.75, 1599.00
 1112.99, 1609.00
 1113.24, 1426.00
 1113.48, 1326.00
 1113.72, 1557.00
 1113.96, 1677.00
 1114.20, 1630.00
 1114.45, 1575.00
 1114.69, 1693.00
 1114.93, 1640.00
 1115.17, 1588.00
 1115.41, 1401.00
 1115.66, 1535.00
 1115.90, 1782.00
 1116.14, 1855.00
 1116.38, 1623.00
 1116.62, 1569.00
 1116.87, 1927.00
 1117.11, 1759.00
 1117.35, 1440.00
 1117.59, 1426.00
 1117.83, 1718.00
 1118.08, 1690.00
 1118.32, 1554.00
 1118.56, 1714.00
 1118.80, 1853.00
 1119.04, 1593.00
 1119.29, 1391.00
 1119.53, 1466.00
 1119.77, 1698.00
 1120.01, 1757.00
 1120.25, 1528.00
 1120.49, 1672.00
 1120.74, 1861.00
 1120.98, 1759.00
 1121.22, 1510.00
 1121.46, 1488.00
 1121.70, 1792.00
 1121.94, 1877.00
 1122.19, 1553.00
 1122.43, 1661.00
 1122.67, 1861.00
 1122.91, 1704.00
 1123.15, 1434.00
 1123.40, 1646.00
 1123.64, 1837.00
 1123.88, 1680.00
 1124.12, 1626.00
 1124.36, 1529.00
 1124.60, 1626.00
 1124.85, 1578.00
 1125.09, 1341.00
 1125.33, 1535.00
 1125.57, 1907.00
 1125.81, 1762.00
 1126.05, 1498.00
 1126.29, 1581.00
 1126.54, 1818.00
 1126.78, 1713.00
 1127.02, 1506.00
 1127.26, 1428.00
 1127.50, 1695.00
 1127.74, 1675.00
 1127.99, 1559.00
 1128.23, 1530.00
 1128.47, 1818.00
 1128.71, 1768.00
 1128.95, 1542.00
 1129.19, 1422.00
 1129.43, 1627.00
 1129.68, 1683.00
 1129.92, 1558.00
 1130.16, 1556.00
 1130.40, 1704.00
 1130.64, 1770.00
 1130.88, 1572.00
 1131.12, 1661.00
 1131.37, 2077.00
 1131.61, 1731.00
 1131.85, 1482.00
 1132.09, 1498.00
 1132.33, 1825.00
 1132.57, 1777.00
 1132.81, 1343.00
 1133.05, 1441.00
 1133.30, 1723.00
 1133.54, 1772.00
 1133.78, 1617.00
 1134.02, 1549.00
 1134.26, 1708.00
 1134.50, 1648.00
 1134.74, 1515.00
 1134.98, 1458.00
 1135.23, 1703.00
 1135.47, 1554.00
 1135.71, 1346.00
 1135.95, 1540.00
 1136.19, 1728.00
 1136.43, 1624.00
 1136.67, 1500.00
 1136.91, 1640.00
 1137.16, 1814.00
 1137.40, 1788.00
 1137.64, 1436.00
 1137.88, 1483.00
 1138.12, 1804.00
 1138.36, 1650.00
 1138.60, 1383.00
 1138.84, 1491.00
 1139.08, 1706.00
 1139.32, 1529.00
 1139.57, 1373.00
 1139.81, 1448.00
 1140.05, 1653.00
 1140.29, 1716.00
 1140.53, 1584.00
 1140.77, 1640.00
 1141.01, 1872.00
 1141.25, 1730.00
 1141.49, 1613.00
 1141.73, 1717.00
 1141.98, 1790.00
 1142.22, 1641.00
 1142.46, 1427.00
 1142.70, 1379.00
 1142.94, 1550.00
 1143.18, 1540.00
 1143.42, 1461.00
 1143.66, 1613.00
 1143.90, 1828.00
 1144.14, 1621.00
 1144.38, 1354.00
 1144.63, 1425.00
 1144.87, 1842.00
 1145.11, 1697.00
 1145.35, 1480.00
 1145.59, 1637.00
 1145.83, 1910.00
 1146.07, 1701.00
 1146.31, 1472.00
 1146.55, 1574.00
 1146.79, 1747.00
 1147.03, 1570.00
 1147.27, 1429.00
 1147.51, 1611.00
 1147.75, 1740.00
 1148.00, 1681.00
 1148.24, 1330.00
 1148.48, 1600.00
 1148.72, 1928.00
 1148.96, 1556.00
 1149.20, 1345.00
 1149.44, 1565.00
 1149.68, 1845.00
 1149.92, 1653.00
 1150.16, 1515.00
 1150.40, 1577.00
 1150.64, 1896.00
 1150.88, 1673.00
 1151.12, 1485.00
 1151.36, 1670.00
 1151.60, 1911.00
 1151.84, 1757.00
 1152.09, 1517.00
 1152.33, 1712.00
 1152.57, 1902.00
 1152.81, 1732.00
 1153.05, 1364.00
 1153.29, 1503.00
 1153.53, 1879.00
 1153.77, 1768.00
 1154.01, 1591.00
 1154.25, 1860.00
 1154.49, 1965.00
 1154.73, 1791.00
 1154.97, 1576.00
 1155.21, 1594.00
 1155.45, 1761.00
 1155.69, 1738.00
 1155.93, 1490.00
 1156.17, 1535.00
 1156.41, 1864.00
 1156.65, 1652.00
 1156.89, 1330.00
 1157.13, 1587.00
 1157.37, 1784.00
 1157.61, 1716.00
 1157.85, 1486.00
 1158.09, 1509.00
 1158.33, 1703.00
 1158.58, 1627.00
 1158.82, 1402.00
 1159.06, 1593.00
 1159.30, 1698.00
 1159.54, 1765.00
 1159.78, 1864.00
 1160.02, 2128.00
 1160.26, 1846.00
 1160.50, 1767.00
 1160.74, 1516.00
 1160.98, 1623.00
 1161.22, 1715.00
 1161.46, 1668.00
 1161.70, 1454.00
 1161.94, 1515.00
 1162.18, 1834.00
 1162.42, 1874.00
 1162.66, 1424.00
 1162.90, 1544.00
 1163.14, 1962.00
 1163.38, 1890.00
 1163.62, 1418.00
 1163.86, 1465.00
 1164.10, 1675.00
 1164.34, 1637.00
 1164.58, 1323.00
 1164.82, 1495.00
 1165.06, 1819.00
 1165.30, 1832.00
 1165.54, 1441.00
 1165.78, 1545.00
 1166.02, 1804.00
 1166.26, 1600.00
 1166.50, 1434.00
 1166.74, 1614.00
 1166.98, 1832.00
 1167.22, 1659.00
 1167.46, 1445.00
 1167.70, 1557.00
 1167.94, 1774.00
 1168.18, 1754.00
 1168.42, 1591.00
 1168.66, 1634.00
 1168.90, 1979.00
 1169.14, 1733.00
 1169.38, 1503.00
 1169.61, 1603.00
 1169.85, 1908.00
 1170.09, 1774.00
 1170.33, 1411.00
 1170.57, 1643.00
 1170.81, 1995.00
 1171.05, 1945.00
 1171.29, 1496.00
 1171.53, 1625.00
 1171.77, 1879.00
 1172.01, 1827.00
 1172.25, 1497.00
 1172.49, 1521.00
 1172.73, 1893.00
 1172.97, 1781.00
 1173.21, 1611.00
 1173.45, 1571.00
 1173.69, 1909.00
 1173.93, 1726.00
 1174.17, 1496.00
 1174.41, 1628.00
 1174.65, 1829.00
 1174.89, 1736.00
 1175.13, 1386.00
 1175.37, 1434.00
 1175.61, 1817.00
 1175.85, 1842.00
 1176.08, 1391.00
 1176.32, 1662.00
 1176.56, 2047.00
 1176.80, 1767.00
 1177.04, 1504.00
 1177.28, 1719.00
 1177.52, 1975.00
 1177.76, 1770.00
 1178.00, 1657.00
 1178.24, 1664.00
 1178.48, 1869.00
 1178.72, 1808.00
 1178.96, 1420.00
 1179.20, 1440.00
 1179.44, 1909.00
 1179.68, 1816.00
 1179.92, 1497.00
 1180.15, 1656.00
 1180.39, 1923.00
 1180.63, 1847.00
 1180.87, 1572.00
 1181.11, 1787.00
 1181.35, 2104.00
 1181.59, 1978.00
 1181.83, 1462.00
 1182.07, 1559.00
 1182.31, 1771.00
 1182.55, 1612.00
 1182.79, 1305.00
 1183.03, 1564.00
 1183.26, 1824.00
 1183.50, 1809.00
 1183.74, 1483.00
 1183.98, 1556.00
 1184.22, 1830.00
 1184.46, 1864.00
 1184.70, 1638.00
 1184.94, 1645.00
 1185.18, 1787.00
 1185.42, 1645.00
 1185.66, 1314.00
 1185.89, 1409.00
 1186.13, 1756.00
 1186.37, 1712.00
 1186.61, 1328.00
 1186.85, 1492.00
 1187.09, 1818.00
 1187.33, 1644.00
 1187.57, 1361.00
 1187.81, 1539.00
 1188.05, 1822.00
 1188.29, 1681.00
 1188.52, 1313.00
 1188.76, 1484.00
 1189.00, 1769.00
 1189.24, 1588.00
 1189.48, 1378.00
 1189.72, 1552.00
 1189.96, 1794.00
 1190.20, 1688.00
 1190.44, 1281.00
 1190.67, 1532.00
 1190.91, 1832.00
 1191.15, 1607.00
 1191.39, 1293.00
 1191.63, 1472.00
 1191.87, 1714.00
 1192.11, 1610.00
 1192.35, 1414.00
 1192.58, 1642.00
 1192.82, 1905.00
 1193.06, 1684.00
 1193.30, 1433.00
 1193.54, 1705.00
 1193.78, 2040.00
 1194.02, 1827.00
 1194.26, 1562.00
 1194.49, 1539.00
 1194.73, 1776.00
 1194.97, 1697.00
 1195.21, 1406.00
 1195.45, 1497.00
 1195.69, 1768.00
 1195.93, 1722.00
 1196.17, 1379.00
 1196.40, 1473.00
 1196.64, 1821.00
 1196.88, 1786.00
 1197.12, 1636.00
 1197.36, 1497.00
 1197.60, 1747.00
 1197.84, 1714.00
 1198.07, 1722.00
 1198.31, 1721.00
 1198.55, 1909.00
 1198.79, 1657.00
 1199.03, 1388.00
 1199.27, 1617.00
 1199.51, 1708.00
 1199.74, 1599.00
 1199.98, 1499.00
 1200.22, 1509.00
 1200.46, 1897.00
 1200.70, 1815.00
 1200.94, 1424.00
 1201.17, 1757.00
 1201.41, 1966.00
 1201.65, 1757.00
 1201.89, 1542.00
 1202.13, 1545.00
 1202.37, 1820.00
 1202.60, 1638.00
 1202.84, 1558.00
 1203.08, 1532.00
 1203.32, 1844.00
 1203.56, 1611.00
 1203.80, 1412.00
 1204.03, 1681.00
 1204.27, 1806.00
 1204.51, 1615.00
 1204.75, 1373.00
 1204.99, 1416.00
 1205.23, 1818.00
 1205.46, 1676.00
 1205.70, 1328.00
 1205.94, 1463.00
 1206.18, 1718.00
 1206.42, 1721.00
 1206.65, 1453.00
 1206.89, 1575.00
 1207.13, 1747.00
 1207.37, 1722.00
 1207.61, 1491.00
 1207.85, 1556.00
 1208.08, 1731.00
 1208.32, 1699.00
 1208.56, 1503.00
 1208.80, 1463.00
 1209.04, 1670.00
 1209.27, 1576.00
 1209.51, 1350.00
 1209.75, 1616.00
 1209.99, 1891.00
 1210.23, 1539.00
 1210.46, 1273.00
 1210.70, 1530.00
 1210.94, 1793.00
 1211.18, 1493.00
 1211.42, 1321.00
 1211.65, 1882.00
 1211.89, 2480.00
 1212.13, 1814.00
 1212.37, 1581.00
 1212.61, 1514.00
 1212.84, 1797.00
 1213.08, 1674.00
 1213.32, 1369.00
 1213.56, 1448.00
 1213.80, 1801.00
 1214.03, 1736.00
 1214.27, 1542.00
 1214.51, 1671.00
 1214.75, 2047.00
 1214.98, 1866.00
 1215.22, 1482.00
 1215.46, 1457.00
 1215.70, 1769.00
 1215.94, 1629.00
 1216.17, 1500.00
 1216.41, 1499.00
 1216.65, 1841.00
 1216.89, 1856.00
 1217.12, 1372.00
 1217.36, 1484.00
 1217.60, 1987.00
 1217.84, 1877.00
 1218.08, 1662.00
 1218.31, 2032.00
 1218.55, 2052.00
 1218.79, 1662.00
 1219.03, 1364.00
 1219.26, 1456.00
 1219.50, 1733.00
 1219.74, 1728.00
 1219.98, 1355.00
 1220.21, 1523.00
 1220.45, 1868.00
 1220.69, 1758.00
 1220.93, 1699.00
 1221.16, 1809.00
 1221.40, 1776.00
 1221.64, 1836.00
 1221.88, 1681.00
 1222.11, 1585.00
 1222.35, 1883.00
