  295.67,  989.00
  295.94,  989.00
  296.21,  989.00
  296.48, 1003.00
  296.75, 1173.00
  297.02, 1550.00
  297.28, 1732.00
  297.55, 2050.00
  297.82, 1921.00
  298.09, 1419.00
  298.36, 1621.00
  298.63, 1847.00
  298.89, 1685.00
  299.16, 1566.00
  299.43, 1694.00
  299.70, 1840.00
  299.97, 1614.00
  300.23, 1438.00
  300.50, 1640.00
  300.77, 1990.00
  301.04, 1837.00
  301.31, 1579.00
  301.58, 1590.00
  301.84, 2043.00
  302.11, 1994.00
  302.38, 1621.00
  302.65, 1778.00
  302.92, 2141.00
  303.19, 1902.00
  303.45, 1652.00
  303.72, 1452.00
  303.99, 1649.00
  304.26, 1594.00
  304.53, 1555.00
  304.79, 1783.00
  305.06, 1917.00
  305.33, 1822.00
  305.60, 1702.00
  305.87, 1794.00
  306.13, 1936.00
  306.40, 1735.00
  306.67, 1660.00
  306.94, 1776.00
  307.21, 1820.00
  307.48, 1755.00
  307.74, 1663.00
  308.01, 1587.00
  308.28, 1831.00
  308.55, 1906.00
  308.82, 1775.00
  309.08, 1697.00
  309.35, 2083.00
  309.62, 1754.00
  309.89, 1492.00
  310.16, 1532.00
  310.42, 1635.00
  310.69, 1554.00
  310.96, 1361.00
  311.23, 1504.00
  311.50, 1927.00
  311.76, 1804.00
  312.03, 1585.00
  312.30, 1717.00
  312.57, 1846.00
  312.84, 1622.00
  313.10, 1386.00
  313.37, 1582.00
  313.64, 1877.00
  313.91, 2090.00
  314.18, 1590.00
  314.44, 1712.00
  314.71, 1768.00
  314.98, 1696.00
  315.25, 1528.00
  315.52, 1776.00
  315.78, 1970.00
  316.05, 1726.00
  316.32, 1527.00
  316.59, 1541.00
  316.85, 1845.00
  317.12, 1686.00
  317.39, 1486.00
  317.66, 1496.00
  317.93, 1873.00
  318.19, 1804.00
  318.46, 1522.00
  318.73, 1472.00
  319.00, 1693.00
  319.26, 1741.00
  319.53, 1561.00
  319.80, 1715.00
  320.07, 1999.00
  320.34, 1946.00
  320.60, 1497.00
  320.87, 1576.00
  321.14, 1769.00
  321.41, 1741.00
  321.67, 1605.00
  321.94, 1692.00
  322.21, 1801.00
  322.48, 1837.00
  322.75, 1774.00
  323.01, 1855.00
  323.28, 1911.00
  323.55, 1857.00
  323.82, 1512.00
  324.08, 1755.00
  324.35, 1794.00
  324.62, 1738.00
  324.89, 1532.00
  325.15, 1507.00
  325.42, 1814.00
  325.69, 2010.00
  325.96, 1757.00
  326.23, 1860.00
  326.49, 2165.00
  326.76, 1978.00
  327.03, 1648.00
  327.30, 1876.00
  327.56, 2201.00
  327.83, 1862.00
  328.10, 1579.00
  328.37, 1749.00
  328.63, 1842.00
  328.90, 1764.00
  329.17, 1476.00
  329.44, 1669.00
  329.70, 1898.00
  329.97, 1760.00
  330.24, 1577.00
  330.51, 1675.00
  330.77, 1813.00
  331.04, 1699.00
  331.31, 1414.00
  331.58, 1645.00
  331.84, 1854.00
  332.11, 1957.00
  332.38, 1623.00
  332.65, 1672.00
  332.91, 1818.00
  333.18, 1729.00
  333.45, 1485.00
  333.72, 1629.00
  333.98, 1743.00
  334.25, 1671.00
  334.52, 1551.00
  334.79, 1565.00
  335.05, 1813.00
  335.32, 1694.00
  335.59, 1571.00
  335.86, 1580.00
  336.12, 1836.00
  336.39, 1719.00
  336.66, 1712.00
  336.93, 1777.00
  337.19, 1786.00
  337.46, 1678.00
  337.73, 1618.00
  337.99, 1708.00
  338.26, 1894.00
  338.53, 1849.00
  338.80, 1579.00
  339.06, 1593.00
  339.33, 1847.00
  339.60, 1754.00
  339.87, 1481.00
  340.13, 1561.00
  340.40, 1817.00
  340.67, 1673.00
  340.93, 1418.00
  341.20, 1493.00
  341.47, 1931.00
  341.74, 2194.00
  342.00, 2137.00
  342.27, 1628.00
  342.54, 1822.00
  342.81, 1730.00
  343.07, 1599.00
  343.34, 1914.00
  343.61, 2000.00
  343.87, 1756.00
  344.14, 1836.00
  344.41, 1559.00
  344.68, 1717.00
  344.94, 1678.00
  345.21, 1468.00
  345.48, 1562.00
  345.74, 1852.00
  346.01, 1628.00
  346.28, 1566.00
  346.55, 1720.00
  346.81, 2015.00
  347.08, 1715.00
  347.35, 1476.00
  347.61, 1634.00
  347.88, 1806.00
  348.15, 1758.00
  348.42, 1566.00
  348.68, 1774.00
  348.95, 1782.00
  349.22, 1651.00
  349.48, 1370.00
  349.75, 1428.00
  350.02, 1721.00
  350.28, 1896.00
  350.55, 1755.00
  350.82, 1722.00
  351.09, 1757.00
  351.35, 1765.00
  351.62, 1642.00
  351.89, 1571.00
  352.15, 1883.00
  352.42, 1981.00
  352.69, 1716.00
  352.95, 1819.00
  353.22, 1781.00
  353.49, 1793.00
  353.76, 1468.00
  354.02, 1749.00
  354.29, 1804.00
  354.56, 1866.00
  354.82, 1722.00
  355.09, 1528.00
  355.36, 1904.00
  355.62, 1897.00
  355.89, 1568.00
  356.16, 1602.00
  356.42, 1978.00
  356.69, 1798.00
  356.96, 1680.00
  357.22, 1761.00
  357.49, 1933.00
  357.76, 1754.00
  358.03, 1380.00
  358.29, 1491.00
  358.56, 1782.00
  358.83, 1789.00
  359.09, 1476.00
  359.36, 1681.00
  359.63, 1869.00
  359.89, 1591.00
  360.16, 1486.00
  360.43, 1642.00
  360.69, 1848.00
  360.96, 1705.00
  361.23, 1569.00
  361.49, 1765.00
  361.76, 1846.00
  362.03, 1794.00
  362.29, 1559.00
  362.56, 1682.00
  362.83, 1752.00
  363.09, 1613.00
  363.36, 1488.00
  363.63, 1494.00
  363.89, 1745.00
  364.16, 1785.00
  364.43, 1400.00
  364.69, 1467.00
  364.96, 1797.00
  365.23, 1666.00
  365.49, 1453.00
  365.76, 1639.00
  366.03, 1757.00
  366.29, 1724.00
  366.56, 1552.00
  366.83, 1640.00
  367.09, 1873.00
  367.36, 1694.00
  367.63, 1476.00
  367.89, 1645.00
  368.16, 1904.00
  368.43, 1808.00
  368.69, 1593.00
  368.96, 1593.00
  369.23, 1812.00
  369.49, 1767.00
  369.76, 1469.00
  370.03, 1586.00
  370.29, 2005.00
  370.56, 1763.00
  370.82, 1573.00
  371.09, 1623.00
  371.36, 1953.00
  371.62, 1867.00
  371.89, 1634.00
  372.16, 1619.00
  372.42, 2128.00
  372.69, 2018.00
  372.96, 1490.00
  373.22, 1502.00
  373.49, 1748.00
  373.76, 1695.00
  374.02, 1497.00
  374.29, 1543.00
  374.55, 1864.00
  374.82, 1820.00
  375.09, 1544.00
  375.35, 1610.00
  375.62, 1821.00
  375.89, 1796.00
  376.15, 1618.00
  376.42, 1501.00
  376.69, 1691.00
  376.95, 1683.00
  377.22, 1584.00
  377.48, 1622.00
  377.75, 1789.00
  378.02, 1628.00
  378.28, 1457.00
  378.55, 1784.00
  378.82, 2184.00
  379.08, 1797.00
  379.35, 1542.00
  379.62, 1695.00
  379.88, 1853.00
  380.15, 1826.00
  380.41, 1672.00
  380.68, 1657.00
  380.95, 1893.00
  381.21, 1835.00
  381.48, 1452.00
  381.74, 1711.00
  382.01, 1855.00
  382.28, 1543.00
  382.54, 1337.00
  382.81, 1449.00
  383.08, 1787.00
  383.34, 1707.00
  383.61, 1564.00
  383.87, 1687.00
  384.14, 1835.00
  384.41, 1638.00
  384.67, 1511.00
  384.94, 1695.00
  385.21, 1765.00
  385.47, 1662.00
  385.74, 1404.00
  386.00, 1669.00
  386.27, 1882.00
  386.54, 1725.00
  386.80, 1646.00
  387.07, 1611.00
  387.33, 1859.00
  387.60, 1763.00
  387.87, 1531.00
  388.13, 1780.00
  388.40, 1756.00
  388.66, 2059.00
  388.93, 2408.00
  389.20, 1610.00
  389.46, 1856.00
  389.73, 1662.00
  389.99, 1541.00
  390.26, 1812.00
  390.53, 2015.00
  390.79, 2018.00
  391.06, 1852.00
  391.32, 1755.00
  391.59, 1850.00
  391.86, 1864.00
  392.12, 1622.00
  392.39, 1833.00
  392.65, 1822.00
  392.92, 1828.00
  393.19, 1686.00
  393.45, 1897.00
  393.72, 1857.00
  393.98, 1800.00
  394.25, 1485.00
  394.52, 1785.00
  394.78, 2027.00
  395.05, 1838.00
  395.31, 1565.00
  395.58, 1654.00
  395.84, 1942.00
  396.11, 1807.00
  396.38, 1656.00
  396.64, 1569.00
  396.91, 1768.00
  397.17, 1787.00
  397.44, 1553.00
  397.71, 1524.00
  397.97, 1693.00
  398.24, 1808.00
  398.50, 1566.00
  398.77, 1589.00
  399.03, 1885.00
  399.30, 1835.00
  399.57, 1681.00
  399.83, 1581.00
  400.10, 1870.00
  400.36, 1721.00
  400.63, 1626.00
  400.89, 1665.00
  401.16, 2000.00
  401.43, 1892.00
  401.69, 1650.00
  401.96, 1700.00
  402.22, 1757.00
  402.49, 1684.00
  402.75, 1423.00
  403.02, 1534.00
  403.29, 1963.00
  403.55, 1804.00
  403.82, 1559.00
  404.08, 1684.00
  404.35, 1706.00
  404.61, 1726.00
  404.88, 1545.00
  405.14, 1665.00
  405.41, 1983.00
  405.68, 1933.00
  405.94, 1685.00
  406.21, 1510.00
  406.47, 1793.00
  406.74, 1808.00
  407.00, 1601.00
  407.27, 1634.00
  407.53, 1915.00
  407.80, 1974.00
  408.07, 1521.00
  408.33, 1695.00
  408.60, 1934.00
  408.86, 1714.00
  409.13, 1593.00
  409.39, 1769.00
  409.66, 1925.00
  409.92, 1735.00
  410.19, 1452.00
  410.46, 1674.00
  410.72, 1756.00
  410.99, 1625.00
  411.25, 1462.00
  411.52, 1532.00
  411.78, 1875.00
  412.05, 2000.00
  412.31, 1706.00
  412.58, 1551.00
  412.84, 1780.00
  413.11, 1909.00
  413.37, 1769.00
  413.64, 1679.00
  413.91, 1783.00
  414.17, 1680.00
  414.44, 1413.00
  414.70, 1511.00
  414.97, 1561.00
  415.23, 1641.00
  415.50, 1568.00
  415.76, 1645.00
  416.03, 1840.00
  416.29, 1740.00
  416.56, 1618.00
  416.82, 1728.00
  417.09, 2028.00
  417.35, 1895.00
  417.62, 1427.00
  417.89, 1615.00
  418.15, 1845.00
  418.42, 1782.00
  418.68, 1661.00
  418.95, 1745.00
  419.21, 1820.00
  419.48, 1567.00
  419.74, 1382.00
  420.01, 1588.00
  420.27, 1736.00
  420.54, 1844.00
  420.80, 1760.00
  421.07, 1924.00
  421.33, 2155.00
  421.60, 1699.00
  421.86, 1429.00
  422.13, 1687.00
  422.39, 1921.00
  422.66, 1725.00
  422.92, 1528.00
  423.19, 1717.00
  423.45, 2013.00
  423.72, 1888.00
  423.98, 1634.00
  424.25, 1691.00
  424.51, 2131.00
  424.78, 1953.00
  425.04, 1652.00
  425.31, 1726.00
  425.58, 1738.00
  425.84, 1783.00
  426.11, 1457.00
  426.37, 1567.00
  426.64, 1968.00
  426.90, 1970.00
  427.17, 1528.00
  427.43, 1430.00
  427.70, 1734.00
  427.96, 1828.00
  428.23, 1732.00
  428.49, 1793.00
  428.76, 1672.00
  429.02, 1694.00
  429.29, 1532.00
  429.55, 1580.00
  429.82, 1842.00
  430.08, 1957.00
  430.34, 1741.00
  430.61, 1810.00
  430.87, 2012.00
  431.14, 1611.00
  431.40, 1445.00
  431.67, 1803.00
  431.93, 1927.00
  432.20, 1753.00
  432.46, 1576.00
  432.73, 1645.00
  432.99, 2011.00
  433.26, 1872.00
  433.52, 1704.00
  433.79, 1987.00
  434.05, 1898.00
  434.32, 1715.00
  434.58, 1546.00
  434.85, 1617.00
  435.11, 1947.00
  435.38, 1710.00
  435.64, 1503.00
  435.91, 1786.00
  436.17, 2019.00
  436.44, 1721.00
  436.70, 1695.00
  436.97, 1732.00
  437.23, 1956.00
  437.50, 1894.00
  437.76, 1626.00
  438.02, 1647.00
  438.29, 1778.00
  438.55, 1793.00
  438.82, 1517.00
  439.08, 1450.00
  439.35, 1819.00
  439.61, 1874.00
  439.88, 1495.00
  440.14, 1527.00
  440.41, 1869.00
  440.67, 1786.00
  440.94, 1550.00
  441.20, 1839.00
  441.47, 1959.00
  441.73, 1752.00
  441.99, 1595.00
  442.26, 1641.00
  442.52, 1878.00
  442.79, 1878.00
  443.05, 1498.00
  443.32, 1383.00
  443.58, 1712.00
  443.85, 1678.00
  444.11, 1403.00
  444.38, 1625.00
  444.64, 2029.00
  444.91, 1846.00
  445.17, 1529.00
  445.43, 1630.00
  445.70, 1708.00
  445.96, 1586.00
  446.23, 1432.00
  446.49, 1527.00
  446.76, 1860.00
  447.02, 1901.00
  447.29, 1627.00
  447.55, 1583.00
  447.81, 1877.00
  448.08, 1728.00
  448.34, 1581.00
  448.61, 1612.00
  448.87, 1904.00
  449.14, 1790.00
  449.40, 1525.00
  449.67, 1751.00
  449.93, 1942.00
  450.19, 1778.00
  450.46, 1716.00
  450.72, 1840.00
  450.99, 1994.00
  451.25, 1777.00
  451.52, 1473.00
  451.78, 1603.00
  452.05, 1845.00
  452.31, 1640.00
  452.57, 1542.00
  452.84, 1594.00
  453.10, 1710.00
  453.37, 1565.00
  453.63, 1339.00
  453.90, 1498.00
  454.16, 1976.00
  454.42, 1719.00
  454.69, 1453.00
  454.95, 1520.00
  455.22, 1698.00
  455.48, 1785.00
  455.75, 1570.00
  456.01, 1476.00
  456.27, 1852.00
  456.54, 1957.00
  456.80, 1680.00
  457.07, 1691.00
  457.33, 1725.00
  457.59, 1647.00
  457.86, 1653.00
  458.12, 1776.00
  458.39, 1861.00
  458.65, 1796.00
  458.92, 1691.00
  459.18, 1809.00
  459.44, 1909.00
  459.71, 1885.00
  459.97, 1536.00
  460.24, 1418.00
  460.50, 1702.00
  460.76, 1667.00
  461.03, 1767.00
  461.29, 1893.00
  461.56, 1769.00
  461.82, 1684.00
  462.09, 1580.00
  462.35, 1630.00
  462.61, 1916.00
  462.88, 2017.00
  463.14, 1454.00
  463.41, 1502.00
  463.67, 1707.00
  463.93, 1889.00
  464.20, 1603.00
  464.46, 1681.00
  464.73, 1846.00
  464.99, 1618.00
  465.25, 1342.00
  465.52, 1569.00
  465.78, 1973.00
  466.05, 2056.00
  466.31, 1731.00
  466.57, 1565.00
  466.84, 1854.00
  467.10, 1742.00
  467.37, 1439.00
  467.63, 1692.00
  467.89, 1926.00
  468.16, 1768.00
  468.42, 1656.00
  468.68, 1614.00
  468.95, 1946.00
  469.21, 1961.00
  469.48, 1540.00
  469.74, 1486.00
  470.00, 1592.00
  470.27, 1612.00
  470.53, 1489.00
  470.80, 1612.00
  471.06, 1825.00
  471.32, 1813.00
  471.59, 1527.00
  471.85, 1642.00
  472.11, 1693.00
  472.38, 1808.00
  472.64, 1751.00
  472.91, 1745.00
  473.17, 1952.00
  473.43, 1842.00
  473.70, 1922.00
  473.96, 2150.00
  474.22, 1928.00
  474.49, 2016.00
  474.75, 1762.00
  475.02, 1630.00
  475.28, 1866.00
  475.54, 2025.00
  475.81, 1631.00
  476.07, 1634.00
  476.33, 1781.00
  476.60, 1766.00
  476.86, 1540.00
  477.13, 1587.00
  477.39, 1822.00
  477.65, 1596.00
  477.92, 1441.00
  478.18, 1563.00
  478.44, 1771.00
  478.71, 1806.00
  478.97, 1494.00
  479.23, 1650.00
  479.50, 1769.00
  479.76, 1552.00
  480.03, 1546.00
  480.29, 1899.00
  480.55, 2042.00
  480.82, 2015.00
  481.08, 1618.00
  481.34, 1584.00
  481.61, 1772.00
  481.87, 1703.00
  482.13, 1521.00
  482.40, 1784.00
  482.66, 1874.00
  482.92, 1657.00
  483.19, 1784.00
  483.45, 1798.00
  483.71, 1798.00
  483.98, 1801.00
  484.24, 1526.00
  484.51, 1602.00
  484.77, 1906.00
  485.03, 1782.00
  485.30, 1519.00
  485.56, 1618.00
  485.82, 1880.00
  486.09, 1789.00
  486.35, 1443.00
  486.61, 1595.00
  486.88, 1754.00
  487.14, 1736.00
  487.40, 1396.00
  487.67, 1655.00
  487.93, 2121.00
  488.19, 1797.00
  488.46, 1549.00
  488.72, 1831.00
  488.98, 1912.00
  489.25, 1772.00
  489.51, 1543.00
  489.77, 1642.00
  490.04, 1918.00
  490.30, 1738.00
  490.56, 1569.00
  490.83, 1744.00
  491.09, 1725.00
  491.35, 1621.00
  491.62, 1532.00
  491.88, 1590.00
  492.14, 1826.00
  492.41, 1722.00
  492.67, 1536.00
  492.93, 1621.00
  493.20, 1897.00
  493.46, 2155.00
  493.72, 1666.00
  493.98, 1575.00
  494.25, 1963.00
  494.51, 1745.00
  494.77, 1567.00
  495.04, 1492.00
  495.30, 1918.00
  495.56, 1773.00
  495.83, 1485.00
  496.09, 1462.00
  496.35, 1685.00
  496.62, 1714.00
  496.88, 1466.00
  497.14, 1542.00
  497.41, 1803.00
  497.67, 1610.00
  497.93, 1478.00
  498.19, 1819.00
  498.46, 1878.00
  498.72, 1816.00
  498.98, 1567.00
  499.25, 1572.00
  499.51, 1860.00
  499.77, 1775.00
  500.04, 1540.00
  500.30, 1514.00
  500.56, 1838.00
  500.83, 1763.00
  501.09, 1337.00
  501.35, 1495.00
  501.61, 1770.00
  501.88, 1697.00
  502.14, 1461.00
  502.40, 1643.00
  502.67, 1997.00
  502.93, 1742.00
  503.19, 1507.00
  503.45, 1585.00
  503.72, 1848.00
  503.98, 1789.00
  504.24, 1501.00
  504.51, 1528.00
  504.77, 1825.00
  505.03, 1872.00
  505.30, 1488.00
  505.56, 1488.00
  505.82, 1631.00
  506.08, 1695.00
  506.35, 1628.00
  506.61, 1782.00
  506.87, 1896.00
  507.14, 1658.00
  507.40, 1467.00
  507.66, 1612.00
  507.92, 1797.00
  508.19, 1764.00
  508.45, 1625.00
  508.71, 1515.00
  508.97, 1830.00
  509.24, 1682.00
  509.50, 1646.00
  509.76, 1636.00
  510.03, 1977.00
  510.29, 1721.00
  510.55, 1422.00
  510.81, 1653.00
  511.08, 1704.00
  511.34, 1692.00
  511.60, 1671.00
  511.86, 1692.00
  512.13, 1758.00
  512.39, 1723.00
  512.65, 1556.00
  512.92, 1537.00
  513.18, 1670.00
  513.44, 1623.00
  513.70, 1451.00
  513.97, 1577.00
  514.23, 1784.00
  514.49, 1725.00
  514.75, 1418.00
  515.02, 1635.00
  515.28, 1860.00
  515.54, 1671.00
  515.80, 1466.00
  516.07, 1503.00
  516.33, 1698.00
  516.59, 1712.00
  516.85, 1470.00
  517.12, 1667.00
  517.38, 1872.00
  517.64, 1759.00
  517.90, 1477.00
  518.17, 1666.00
  518.43, 1748.00
  518.69, 1604.00
  518.95, 1379.00
  519.22, 1690.00
  519.48, 1789.00
  519.74, 1669.00
  520.00, 1377.00
  520.27, 1450.00
  520.53, 1768.00
  520.79, 1787.00
  521.05, 1692.00
  521.32, 1866.00
  521.58, 1791.00
  521.84, 1657.00
  522.10, 1514.00
  522.37, 1712.00
  522.63, 1995.00
  522.89, 1700.00
  523.15, 1690.00
  523.42, 1826.00
  523.68, 1816.00
  523.94, 1837.00
  524.20, 1649.00
  524.47, 1765.00
  524.73, 1871.00
  524.99, 1618.00
  525.25, 1446.00
  525.51, 1621.00
  525.78, 1920.00
  526.04, 1765.00
  526.30, 1543.00
  526.56, 1644.00
  526.83, 1758.00
  527.09, 1610.00
  527.35, 1420.00
  527.61, 1399.00
  527.87, 1607.00
  528.14, 1536.00
  528.40, 1479.00
  528.66, 1784.00
  528.92, 1835.00
  529.19, 1841.00
  529.45, 1516.00
  529.71, 1418.00
  529.97, 1737.00
  530.23, 1679.00
  530.50, 1544.00
  530.76, 1673.00
  531.02, 1850.00
  531.28, 1675.00
  531.55, 1553.00
  531.81, 1805.00
  532.07, 1824.00
  532.33, 1569.00
  532.59, 1482.00
  532.86, 1441.00
  533.12, 1726.00
  533.38, 1624.00
  533.64, 1481.00
  533.90, 1584.00
  534.17, 2115.00
  534.43, 1933.00
  534.69, 1586.00
  534.95, 1623.00
  535.21, 1881.00
  535.48, 1781.00
  535.74, 1496.00
  536.00, 1808.00
  536.26, 2058.00
  536.52, 1702.00
  536.79, 1472.00
  537.05, 1548.00
  537.31, 1778.00
  537.57, 1727.00
  537.83, 1559.00
  538.10, 1428.00
  538.36, 1654.00
  538.62, 1898.00
  538.88, 1932.00
  539.14, 1897.00
  539.41, 2070.00
  539.67, 1767.00
  539.93, 1577.00
  540.19, 1704.00
  540.45, 1842.00
  540.72, 1627.00
  540.98, 1492.00
  541.24, 1667.00
  541.50, 1958.00
  541.76, 1678.00
  542.02, 1572.00
  542.29, 1591.00
  542.55, 1789.00
  542.81, 1882.00
  543.07, 1759.00
  543.33, 2084.00
  543.60, 2056.00
  543.86, 1797.00
  544.12, 1742.00
  544.38, 1530.00
  544.64, 1678.00
  544.90, 1827.00
  545.17, 1456.00
  545.43, 1562.00
  545.69, 1819.00
  545.95, 1991.00
  546.21, 1670.00
  546.47, 1637.00
  546.74, 1741.00
  547.00, 1627.00
  547.26, 1478.00
  547.52, 1662.00
  547.78, 1911.00
  548.04, 1683.00
  548.31, 1653.00
  548.57, 1696.00
  548.83, 1922.00
  549.09, 1772.00
  549.35, 1501.00
  549.61, 1572.00
  549.88, 1726.00
  550.14, 1532.00
  550.40, 1423.00
  550.66, 1490.00
  550.92, 1749.00
  551.18, 1781.00
  551.45, 1525.00
  551.71, 1480.00
  551.97, 1678.00
  552.23, 1606.00
  552.49, 1427.00
  552.75, 1593.00
  553.01, 1781.00
  553.28, 1697.00
  553.54, 1544.00
  553.80, 1708.00
  554.06, 1870.00
  554.32, 1760.00
  554.58, 1600.00
  554.85, 1693.00
  555.11, 2101.00
  555.37, 1860.00
  555.63, 1543.00
  555.89, 1500.00
  556.15, 1862.00
  556.41, 1979.00
  556.68, 1520.00
  556.94, 1393.00
  557.20, 1613.00
  557.46, 1793.00
  557.72, 1742.00
  557.98, 1635.00
  558.24, 1752.00
  558.51, 1691.00
  558.77, 1484.00
  559.03, 1550.00
  559.29, 1675.00
  559.55, 1656.00
  559.81, 1381.00
  560.07, 1543.00
  560.33, 1762.00
  560.60, 1656.00
  560.86, 1545.00
  561.12, 1498.00
  561.38, 1739.00
  561.64, 1681.00
  561.90, 1398.00
  562.16, 1535.00
  562.42, 1777.00
  562.69, 1637.00
  562.95, 1503.00
  563.21, 1560.00
  563.47, 1693.00
  563.73, 1616.00
  563.99, 1427.00
  564.25, 1635.00
  564.51, 1881.00
  564.78, 1731.00
  565.04, 1716.00
  565.30, 1597.00
  565.56, 1879.00
  565.82, 1974.00
  566.08, 1562.00
  566.34, 1631.00
  566.60, 1863.00
  566.86, 1686.00
  567.13, 1614.00
  567.39, 1630.00
  567.65, 1708.00
  567.91, 1753.00
  568.17, 1518.00
  568.43, 1793.00
  568.69, 2295.00
  568.95, 1889.00
  569.21, 1496.00
  569.48, 1750.00
  569.74, 2053.00
  570.00, 1758.00
  570.26, 1507.00
  570.52, 1705.00
  570.78, 1686.00
  571.04, 1856.00
  571.30, 1822.00
  571.56, 1673.00
  571.82, 1658.00
  572.09, 1552.00
  572.35, 1564.00
  572.61, 1774.00
  572.87, 1898.00
  573.13, 1663.00
  573.39, 1405.00
  573.65, 1629.00
  573.91, 1849.00
  574.17, 1798.00
  574.43, 1475.00
  574.69, 1678.00
  574.96, 1723.00
  575.22, 1735.00
  575.48, 1453.00
  575.74, 1459.00
  576.00, 1691.00
  576.26, 1797.00
  576.52, 1438.00
  576.78, 1505.00
  577.04, 1721.00
  577.30, 1595.00
  577.56, 1412.00
  577.82, 1533.00
  578.09, 1716.00
  578.35, 1614.00
  578.61, 1393.00
  578.87, 1571.00
  579.13, 1671.00
  579.39, 1756.00
  579.65, 1588.00
  579.91, 1508.00
  580.17, 1675.00
  580.43, 1675.00
  580.69, 1597.00
  580.95, 1679.00
  581.21, 1776.00
  581.47, 1590.00
  581.74, 1335.00
  582.00, 1492.00
  582.26, 1790.00
  582.52, 1668.00
  582.78, 1571.00
  583.04, 1723.00
  583.30, 1747.00
  583.56, 1644.00
  583.82, 1600.00
  584.08, 1700.00
  584.34, 1828.00
  584.60, 1793.00
  584.86, 1623.00
  585.12, 1524.00
  585.38, 1697.00
  585.64, 1739.00
  585.91, 1621.00
  586.17, 1671.00
  586.43, 1936.00
  586.69, 2037.00
  586.95, 1572.00
  587.21, 1474.00
  587.47, 1705.00
  587.73, 1950.00
  587.99, 1786.00
  588.25, 1927.00
  588.51, 1854.00
  588.77, 1774.00
  589.03, 1585.00
  589.29, 1488.00
  589.55, 1681.00
  589.81, 1686.00
  590.07, 1369.00
  590.33, 1584.00
  590.59, 1874.00
  590.85, 1744.00
  591.11, 1461.00
  591.37, 1670.00
  591.64, 1847.00
  591.90, 1813.00
  592.16, 1476.00
  592.42, 1542.00
  592.68, 1807.00
  592.94, 1677.00
  593.20, 1416.00
  593.46, 1490.00
  593.72, 1714.00
  593.98, 1669.00
  594.24, 1432.00
  594.50, 1537.00
  594.76, 1868.00
  595.02, 1715.00
  595.28, 1699.00
  595.54, 1754.00
  595.80, 1891.00
  596.06, 1566.00
  596.32, 1482.00
  596.58, 1610.00
  596.84, 1877.00
  597.10, 1872.00
  597.36, 1586.00
  597.62, 1688.00
  597.88, 1792.00
  598.14, 1882.00
  598.40, 1720.00
  598.66, 1746.00
  598.92, 1891.00
  599.18, 1623.00
  599.44, 1435.00
  599.70, 1737.00
  599.96, 2374.00
  600.22, 1681.00
  600.48, 1513.00
  600.74, 1599.00
  601.00, 1664.00
  601.26, 1880.00
  601.52, 1765.00
  601.78, 1678.00
  602.04, 1883.00
  602.30, 1876.00
  602.56, 1767.00
  602.82, 1777.00
  603.08, 1882.00
  603.34, 1660.00
  603.60, 1345.00
  603.86, 1552.00
  604.12, 1950.00
  604.38, 1782.00
  604.64, 1457.00
  604.90, 1614.00
  605.16, 1861.00
  605.42, 1786.00
  605.68, 1641.00
  605.94, 1640.00
  606.20, 1777.00
  606.46, 1712.00
  606.72, 1521.00
  606.98, 1450.00
  607.24, 1672.00
  607.50, 1761.00
  607.76, 1444.00
  608.02, 1518.00
  608.28, 1717.00
  608.54, 1565.00
  608.80, 1398.00
  609.06, 1528.00
  609.32, 1782.00
  609.58, 1736.00
  609.84, 1489.00
  610.10, 1506.00
  610.36, 1810.00
  610.62, 1809.00
  610.88, 1366.00
  611.14, 1358.00
  611.40, 1634.00
  611.66, 1734.00
  611.92, 1553.00
  612.18, 1496.00
  612.44, 1778.00
  612.70, 1724.00
  612.96, 1678.00
  613.22, 1591.00
  613.48, 1698.00
  613.74, 1577.00
  614.00, 1415.00
  614.26, 1498.00
  614.52, 1742.00
  614.78, 1670.00
  615.04, 1546.00
  615.30, 1666.00
  615.56, 1712.00
  615.82, 1673.00
  616.08, 1586.00
  616.34, 1596.00
  616.60, 1772.00
  616.86, 1696.00
  617.12, 1545.00
  617.37, 1487.00
  617.63, 1702.00
  617.89, 1803.00
  618.15, 1620.00
  618.41, 1501.00
  618.67, 1674.00
  618.93, 1815.00
  619.19, 1673.00
  619.45, 1605.00
  619.71, 1801.00
  619.97, 1670.00
  620.23, 1628.00
  620.49, 1660.00
  620.75, 1694.00
  621.01, 1746.00
  621.27, 1602.00
  621.53, 1658.00
  621.79, 1590.00
  622.05, 1620.00
  622.31, 1459.00
  622.57, 1417.00
  622.82, 1628.00
  623.08, 1581.00
  623.34, 1400.00
  623.60, 1445.00
  623.86, 1735.00
  624.12, 1672.00
  624.38, 1607.00
  624.64, 1601.00
  624.90, 1712.00
  625.16, 1510.00
  625.42, 1285.00
  625.68, 1440.00
  625.94, 1715.00
  626.20, 1646.00
  626.46, 1511.00
  626.72, 1709.00
  626.97, 1843.00
  627.23, 1595.00
  627.49, 1361.00
  627.75, 1440.00
  628.01, 1773.00
  628.27, 1780.00
  628.53, 1329.00
  628.79, 1510.00
  629.05, 1783.00
  629.31, 1750.00
  629.57, 1396.00
  629.83, 1420.00
  630.09, 1727.00
  630.35, 1807.00
  630.60, 1696.00
  630.86, 1915.00
  631.12, 1851.00
  631.38, 1833.00
  631.64, 1532.00
  631.90, 1697.00
  632.16, 2038.00
  632.42, 1750.00
  632.68, 1431.00
  632.94, 1635.00
  633.20, 1638.00
  633.46, 1773.00
  633.71, 1692.00
  633.97, 1679.00
  634.23, 1963.00
  634.49, 1851.00
  634.75, 1702.00
  635.01, 1742.00
  635.27, 1829.00
  635.53, 1705.00
  635.79, 1537.00
  636.05, 1545.00
  636.31, 1748.00
  636.56, 1638.00
  636.82, 1356.00
  637.08, 1387.00
  637.34, 1618.00
  637.60, 1737.00
  637.86, 1686.00
  638.12, 1785.00
  638.38, 1939.00
  638.64, 1772.00
  638.90, 1571.00
  639.15, 1537.00
  639.41, 1753.00
  639.67, 1618.00
  639.93, 1585.00
  640.19, 1570.00
  640.45, 1815.00
  640.71, 1661.00
  640.97, 1534.00
  641.23, 1620.00
  641.48, 1733.00
  641.74, 1860.00
  642.00, 1432.00
  642.26, 1438.00
  642.52, 1748.00
  642.78, 1804.00
  643.04, 1638.00
  643.30, 1684.00
  643.56, 1795.00
  643.81, 1947.00
  644.07, 1602.00
  644.33, 1545.00
  644.59, 1758.00
  644.85, 1931.00
  645.11, 1475.00
  645.37, 1521.00
  645.63, 1860.00
  645.88, 1696.00
  646.14, 1448.00
  646.40, 1530.00
  646.66, 1740.00
  646.92, 1595.00
  647.18, 1509.00
  647.44, 1688.00
  647.70, 1821.00
  647.95, 1665.00
  648.21, 1627.00
  648.47, 1859.00
  648.73, 1823.00
  648.99, 1702.00
  649.25, 1323.00
  649.51, 1453.00
  649.76, 1766.00
  650.02, 1864.00
  650.28, 1625.00
  650.54, 1659.00
  650.80, 1836.00
  651.06, 1587.00
  651.32, 1512.00
  651.57, 1585.00
  651.83, 1904.00
  652.09, 1730.00
  652.35, 1729.00
  652.61, 1789.00
  652.87, 1774.00
  653.13, 1750.00
  653.38, 1679.00
  653.64, 1590.00
  653.90, 1819.00
  654.16, 1724.00
  654.42, 1467.00
  654.68, 1366.00
  654.94, 1546.00
  655.19, 1514.00
  655.45, 1452.00
  655.71, 1415.00
  655.97, 1766.00
  656.23, 1881.00
  656.49, 1624.00
  656.74, 1637.00
  657.00, 1751.00
  657.26, 1667.00
  657.52, 1461.00
  657.78, 1492.00
  658.04, 1811.00
  658.29, 1825.00
  658.55, 1450.00
  658.81, 1559.00
  659.07, 1946.00
  659.33, 1726.00
  659.59, 1444.00
  659.84, 1511.00
  660.10, 1717.00
  660.36, 1605.00
  660.62, 1547.00
  660.88, 1597.00
  661.14, 1797.00
  661.39, 1596.00
  661.65, 1416.00
  661.91, 1512.00
  662.17, 1745.00
  662.43, 1673.00
  662.69, 1512.00
  662.94, 2005.00
  663.20, 2143.00
  663.46, 1801.00
  663.72, 1685.00
  663.98, 1653.00
  664.23, 1729.00
  664.49, 1799.00
  664.75, 1749.00
  665.01, 1701.00
  665.27, 1876.00
  665.53, 2105.00
  665.78, 1685.00
  666.04, 1645.00
  666.30, 1984.00
  666.56, 1897.00
  666.82, 1479.00
  667.07, 1533.00
  667.33, 1688.00
  667.59, 1769.00
  667.85, 1403.00
  668.11, 1460.00
  668.36, 1726.00
  668.62, 1554.00
  668.88, 1341.00
  669.14, 1493.00
  669.40, 1889.00
  669.65, 1731.00
  669.91, 1362.00
  670.17, 1576.00
  670.43, 1849.00
  670.69, 1659.00
  670.94, 1502.00
  671.20, 1626.00
  671.46, 1739.00
  671.72, 1734.00
  671.98, 1548.00
  672.23, 1524.00
  672.49, 1789.00
  672.75, 1961.00
  673.01, 1598.00
  673.27, 1524.00
  673.52, 1682.00
  673.78, 1672.00
  674.04, 1520.00
  674.30, 1637.00
  674.56, 1865.00
  674.81, 1804.00
  675.07, 1376.00
  675.33, 1609.00
  675.59, 2020.00
  675.84, 1843.00
  676.10, 1508.00
  676.36, 1609.00
  676.62, 1798.00
  676.88, 1805.00
  677.13, 1774.00
  677.39, 1500.00
  677.65, 1668.00
  677.91, 1684.00
  678.16, 1516.00
  678.42, 1482.00
  678.68, 1680.00
  678.94, 1712.00
  679.20, 1468.00
  679.45, 1441.00
  679.71, 1706.00
  679.97, 1686.00
  680.23, 1437.00
  680.48, 1572.00
  680.74, 1932.00
  681.00, 1646.00
  681.26, 1534.00
  681.51, 1603.00
  681.77, 1656.00
  682.03, 1788.00
  682.29, 1624.00
  682.54, 1550.00
  682.80, 1862.00
  683.06, 1939.00
  683.32, 1556.00
  683.58, 1541.00
  683.83, 1875.00
  684.09, 1857.00
  684.35, 1557.00
  684.61, 1657.00
  684.86, 2089.00
  685.12, 1906.00
  685.38, 1556.00
  685.64, 1610.00
  685.89, 1743.00
  686.15, 1694.00
  686.41, 1637.00
  686.67, 1624.00
  686.92, 2088.00
  687.18, 2067.00
  687.44, 1693.00
  687.70, 1498.00
  687.95, 1706.00
  688.21, 1771.00
  688.47, 1521.00
  688.72, 1451.00
  688.98, 1739.00
  689.24, 1750.00
  689.50, 1873.00
  689.75, 1938.00
  690.01, 1921.00
  690.27, 1802.00
  690.53, 1669.00
  690.78, 1821.00
  691.04, 1997.00
  691.30, 1699.00
  691.56, 1378.00
  691.81, 1448.00
  692.07, 1701.00
  692.33, 1772.00
  692.58, 1496.00
  692.84, 1524.00
  693.10, 1762.00
  693.36, 1818.00
  693.61, 1535.00
  693.87, 1736.00
  694.13, 1961.00
  694.39, 1815.00
  694.64, 1567.00
  694.90, 1507.00
  695.16, 1663.00
  695.41, 1645.00
  695.67, 1405.00
  695.93, 1635.00
  696.19, 1871.00
  696.44, 1777.00
  696.70, 1510.00
  696.96, 1899.00
  697.21, 1851.00
  697.47, 1534.00
  697.73, 1483.00
  697.99, 1598.00
  698.24, 1778.00
  698.50, 1736.00
  698.76, 1449.00
  699.01, 1604.00
  699.27, 1755.00
  699.53, 1866.00
  699.79, 1430.00
  700.04, 1528.00
  700.30, 1845.00
  700.56, 1757.00
  700.81, 1510.00
  701.07, 1718.00
  701.33, 1900.00
  701.58, 1798.00
  701.84, 1437.00
  702.10, 1466.00
  702.36, 1739.00
  702.61, 1560.00
  702.87, 1439.00
  703.13, 1439.00
  703.38, 1621.00
  703.64, 1631.00
  703.90, 1515.00
  704.15, 1553.00
  704.41, 1702.00
  704.67, 1663.00
  704.93, 1419.00
  705.18, 1577.00
  705.44, 1853.00
  705.70, 1790.00
  705.95, 1616.00
  706.21, 1735.00
  706.47, 2003.00
  706.72, 1688.00
  706.98, 1605.00
  707.24, 2108.00
  707.49, 1731.00
  707.75, 1554.00
  708.01, 1717.00
  708.26, 1995.00
  708.52, 2024.00
  708.78, 1885.00
  709.03, 1393.00
  709.29, 1531.00
  709.55, 1829.00
  709.80, 1801.00
  710.06, 1841.00
  710.32, 1820.00
  710.57, 1713.00
  710.83, 1637.00
  711.09, 1425.00
  711.34, 1599.00
  711.60, 1904.00
  711.86, 1760.00
  712.11, 1557.00
  712.37, 1605.00
  712.63, 2016.00
  712.88, 1865.00
  713.14, 1656.00
  713.40, 1587.00
  713.65, 1789.00
  713.91, 1754.00
  714.17, 1816.00
  714.42, 1834.00
  714.68, 1774.00
  714.94, 1674.00
  715.19, 1396.00
  715.45, 1705.00
  715.71, 1773.00
  715.96, 1651.00
  716.22, 1430.00
  716.48, 1672.00
  716.73, 1691.00
  716.99, 1555.00
  717.25, 1450.00
  717.50, 1724.00
  717.76, 2109.00
  718.02, 1692.00
  718.27, 1461.00
  718.53, 1594.00
  718.79, 1761.00
  719.04, 1666.00
  719.30, 1422.00
  719.55, 1610.00
  719.81, 1767.00
  720.07, 1672.00
  720.32, 1467.00
  720.58, 1765.00
  720.84, 1900.00
  721.09, 1641.00
  721.35, 1341.00
  721.61, 1565.00
  721.86, 1791.00
  722.12, 1754.00
  722.37, 1665.00
  722.63, 1883.00
  722.89, 1841.00
  723.14, 1614.00
  723.40, 1456.00
  723.66, 1496.00
  723.91, 1702.00
  724.17, 1609.00
  724.43, 1378.00
  724.68, 1506.00
  724.94, 1751.00
  725.19, 1553.00
  725.45, 1352.00
  725.71, 1553.00
  725.96, 1886.00
  726.22, 1645.00
  726.48, 1547.00
  726.73, 1512.00
  726.99, 1675.00
  727.24, 1814.00
  727.50, 1682.00
  727.76, 1558.00
  728.01, 1760.00
  728.27, 1770.00
  728.52, 1628.00
  728.78, 1662.00
  729.04, 1783.00
  729.29, 1782.00
  729.55, 1810.00
  729.81, 1701.00
  730.06, 2061.00
  730.32, 2025.00
  730.57, 1667.00
  730.83, 1530.00
  731.09, 1746.00
  731.34, 1724.00
  731.60, 1730.00
  731.85, 1405.00
  732.11, 1758.00
  732.37, 1857.00
  732.62, 1689.00
  732.88, 1694.00
  733.13, 1887.00
  733.39, 1811.00
  733.65, 1646.00
  733.90, 1707.00
  734.16, 1633.00
  734.41, 1599.00
  734.67, 1638.00
  734.93, 1970.00
  735.18, 1986.00
  735.44, 1733.00
  735.69, 1718.00
  735.95, 1677.00
  736.20, 1905.00
  736.46, 1736.00
  736.72, 1432.00
  736.97, 1418.00
  737.23, 1748.00
  737.48, 1749.00
  737.74, 1581.00
  738.00, 1534.00
  738.25, 1859.00
  738.51, 1767.00
  738.76, 1420.00
  739.02, 1489.00
  739.27, 1774.00
  739.53, 1635.00
  739.79, 1285.00
  740.04, 1458.00
  740.30, 1745.00
  740.55, 1657.00
  740.81, 1506.00
  741.07, 1482.00
  741.32, 1573.00
  741.58, 1622.00
  741.83, 1558.00
  742.09, 1531.00
  742.34, 1866.00
  742.60, 1960.00
  742.86, 1662.00
  743.11, 1746.00
  743.37, 1699.00
  743.62, 1749.00
  743.88, 1470.00
  744.13, 1595.00
  744.39, 1821.00
  744.64, 1713.00
  744.90, 1492.00
  745.16, 1718.00
  745.41, 1833.00
  745.67, 1824.00
  745.92, 1768.00
  746.18, 1653.00
  746.43, 1659.00
  746.69, 1643.00
  746.94, 1681.00
  747.20, 1912.00
  747.46, 1729.00
  747.71, 1639.00
  747.97, 1480.00
  748.22, 1785.00
  748.48, 2156.00
  748.73, 1828.00
  748.99, 1527.00
  749.24, 1659.00
  749.50, 2007.00
  749.76, 1790.00
  750.01, 1553.00
  750.27, 1873.00
  750.52, 2153.00
  750.78, 1667.00
  751.03, 1461.00
  751.29, 1563.00
  751.54, 1837.00
  751.80, 1853.00
  752.05, 1437.00
  752.31, 1522.00
  752.56, 1754.00
  752.82, 1674.00
  753.08, 1548.00
  753.33, 1634.00
  753.59, 1746.00
  753.84, 1746.00
  754.10, 1550.00
  754.35, 1544.00
  754.61, 1723.00
  754.86, 1681.00
  755.12, 1612.00
  755.37, 1758.00
  755.63, 1863.00
  755.88, 1603.00
  756.14, 1464.00
  756.39, 1551.00
  756.65, 1758.00
  756.90, 1729.00
  757.16, 1693.00
  757.41, 1827.00
  757.67, 1734.00
  757.92, 1694.00
  758.18, 1530.00
  758.44, 1562.00
  758.69, 1842.00
  758.95, 1663.00
  759.20, 1531.00
  759.46, 1646.00
  759.71, 1794.00
  759.97, 1795.00
  760.22, 1511.00
  760.48, 1559.00
  760.73, 1718.00
  760.99, 1749.00
  761.24, 1630.00
  761.50, 1635.00
  761.75, 1723.00
  762.01, 1878.00
  762.26, 1390.00
  762.52, 1471.00
  762.77, 1971.00
  763.03, 2178.00
  763.28, 1444.00
  763.54, 1573.00
  763.79, 1861.00
  764.05, 1529.00
  764.30, 1365.00
  764.56, 1557.00
  764.81, 1930.00
  765.07, 1654.00
  765.32, 1368.00
  765.58, 1683.00
  765.83, 1733.00
  766.09, 1637.00
  766.34, 1736.00
  766.60, 1859.00
  766.85, 1910.00
  767.11, 1837.00
  767.36, 1505.00
  767.62, 1510.00
  767.87, 1790.00
  768.13, 1677.00
  768.38, 1585.00
  768.63, 1661.00
  768.89, 1860.00
  769.14, 1769.00
  769.40, 1392.00
  769.65, 1534.00
  769.91, 1906.00
  770.16, 1672.00
  770.42, 1352.00
  770.67, 1555.00
  770.93, 1878.00
  771.18, 1992.00
  771.44, 1459.00
  771.69, 1634.00
  771.95, 1853.00
  772.20, 1892.00
  772.46, 1425.00
  772.71, 1580.00
  772.97, 1823.00
  773.22, 1699.00
  773.47, 1644.00
  773.73, 1621.00
  773.98, 1861.00
  774.24, 1821.00
  774.49, 1509.00
  774.75, 1487.00
  775.00, 1704.00
  775.26, 1612.00
  775.51, 1362.00
  775.77, 1604.00
  776.02, 1977.00
  776.28, 2024.00
  776.53, 1568.00
  776.78, 1541.00
  777.04, 1737.00
  777.29, 1787.00
  777.55, 1605.00
  777.80, 1812.00
  778.06, 1765.00
  778.31, 1744.00
  778.57, 1667.00
  778.82, 1646.00
  779.08, 1939.00
  779.33, 1893.00
  779.58, 1581.00
  779.84, 1520.00
  780.09, 1783.00
  780.35, 1741.00
  780.60, 1418.00
  780.86, 1545.00
  781.11, 1629.00
  781.37, 1587.00
  781.62, 1540.00
  781.87, 1808.00
  782.13, 2093.00
  782.38, 1792.00
  782.64, 1608.00
  782.89, 1660.00
  783.15, 1891.00
  783.40, 1741.00
  783.65, 1581.00
  783.91, 1738.00
  784.16, 1968.00
  784.42, 1760.00
  784.67, 1596.00
  784.93, 1652.00
  785.18, 1966.00
  785.43, 1811.00
  785.69, 1558.00
  785.94, 1627.00
  786.20, 1697.00
  786.45, 1790.00
  786.71, 1825.00
  786.96, 1741.00
  787.21, 1814.00
  787.47, 1702.00
  787.72, 1420.00
  787.98, 1654.00
  788.23, 1789.00
  788.49, 1656.00
  788.74, 1623.00
  788.99, 1718.00
  789.25, 1857.00
  789.50, 1782.00
  789.76, 1511.00
  790.01, 1751.00
  790.26, 1907.00
  790.52, 1775.00
  790.77, 1526.00
  791.03, 1442.00
  791.28, 1689.00
  791.53, 1794.00
  791.79, 1559.00
  792.04, 1572.00
  792.30, 1770.00
  792.55, 1678.00
  792.80, 1413.00
  793.06, 1589.00
  793.31, 1769.00
  793.57, 1740.00
  793.82, 1638.00
  794.07, 1701.00
  794.33, 2066.00
  794.58, 1880.00
  794.84, 1674.00
  795.09, 1679.00
  795.34, 2029.00
  795.60, 1512.00
  795.85, 1445.00
  796.11, 1671.00
  796.36, 1756.00
  796.61, 1702.00
  796.87, 1413.00
  797.12, 1539.00
  797.38, 1998.00
  797.63, 1977.00
  797.88, 1845.00
  798.14, 1487.00
  798.39, 1636.00
  798.64, 1716.00
  798.90, 1467.00
  799.15, 1572.00
  799.41, 2026.00
  799.66, 2072.00
  799.91, 1519.00
  800.17, 1664.00
  800.42, 1771.00
  800.67, 1710.00
  800.93, 1662.00
  801.18, 1946.00
  801.44, 2052.00
  801.69, 1893.00
  801.94, 1718.00
  802.20, 1644.00
  802.45, 1826.00
  802.70, 1885.00
  802.96, 1699.00
  803.21, 1787.00
  803.47, 2002.00
  803.72, 1777.00
  803.97, 1624.00
  804.23, 1930.00
  804.48, 1838.00
  804.73, 1712.00
  804.99, 1552.00
  805.24, 1661.00
  805.49, 1920.00
  805.75, 1781.00
  806.00, 1594.00
  806.26, 1616.00
  806.51, 1746.00
  806.76, 1601.00
  807.02, 1396.00
  807.27, 1737.00
  807.52, 1833.00
  807.78, 1736.00
  808.03, 1625.00
  808.28, 1766.00
  808.54, 1768.00
  808.79, 1715.00
  809.04, 1623.00
  809.30, 2010.00
  809.55, 2376.00
  809.80, 1690.00
  810.06, 1581.00
  810.31, 1948.00
  810.56, 2013.00
  810.82, 1715.00
  811.07, 1594.00
  811.32, 1670.00
  811.58, 1753.00
  811.83, 1608.00
  812.08, 1592.00
  812.34, 1799.00
  812.59, 1785.00
  812.84, 1626.00
  813.10, 1442.00
  813.35, 1706.00
  813.60, 1679.00
  813.86, 1789.00
  814.11, 1979.00
  814.36, 1868.00
  814.62, 1964.00
  814.87, 1735.00
  815.12, 1579.00
  815.38, 1578.00
  815.63, 1797.00
  815.88, 1734.00
  816.14, 1654.00
  816.39, 1702.00
  816.64, 1875.00
  816.90, 1673.00
  817.15, 1415.00
  817.40, 1504.00
  817.66, 1891.00
  817.91, 1693.00
  818.16, 1426.00
  818.42, 1677.00
  818.67, 1815.00
  818.92, 1693.00
  819.18, 1531.00
  819.43, 1660.00
  819.68, 1895.00
  819.93, 1731.00
  820.19, 1358.00
  820.44, 1499.00
  820.69, 1907.00
  820.95, 2040.00
  821.20, 1597.00
  821.45, 1768.00
  821.71, 1974.00
  821.96, 1864.00
  822.21, 1476.00
  822.47, 1551.00
  822.72, 1811.00
  822.97, 1875.00
  823.22, 1783.00
  823.48, 1637.00
  823.73, 1568.00
  823.98, 1590.00
  824.24, 1582.00
  824.49, 1640.00
  824.74, 1878.00
  824.99, 1955.00
  825.25, 1568.00
  825.50, 1681.00
  825.75, 1856.00
  826.01, 1567.00
  826.26, 1527.00
  826.51, 1918.00
  826.77, 2018.00
  827.02, 1904.00
  827.27, 1638.00
  827.52, 1537.00
  827.78, 1806.00
  828.03, 1825.00
  828.28, 1731.00
  828.53, 1791.00
  828.79, 1811.00
  829.04, 1701.00
  829.29, 1537.00
  829.55, 1551.00
  829.80, 1784.00
  830.05, 1897.00
  830.30, 1533.00
  830.56, 1521.00
  830.81, 1737.00
  831.06, 1677.00
  831.32, 1481.00
  831.57, 1682.00
  831.82, 1804.00
  832.07, 1728.00
  832.33, 1523.00
  832.58, 1525.00
  832.83, 1836.00
  833.08, 1694.00
  833.34, 1510.00
  833.59, 1850.00
  833.84, 1918.00
  834.09, 1584.00
  834.35, 1546.00
  834.60, 1725.00
  834.85, 1830.00
  835.10, 1704.00
  835.36, 1550.00
  835.61, 1545.00
  835.86, 1770.00
  836.11, 1720.00
  836.37, 1524.00
  836.62, 1579.00
  836.87, 2077.00
  837.12, 1785.00
  837.38, 1558.00
  837.63, 1765.00
  837.88, 2048.00
  838.13, 1780.00
  838.39, 1537.00
  838.64, 1900.00
  838.89, 2000.00
  839.14, 1877.00
  839.40, 1364.00
  839.65, 1480.00
  839.90, 1680.00
  840.15, 1746.00
  840.41, 1443.00
  840.66, 1699.00
  840.91, 1880.00
  841.16, 1880.00
  841.42, 1452.00
  841.67, 1623.00
  841.92, 1875.00
  842.17, 1849.00
  842.43, 1546.00
  842.68, 1540.00
  842.93, 1691.00
  843.18, 1621.00
  843.43, 1417.00
  843.69, 1612.00
  843.94, 1769.00
  844.19, 1676.00
  844.44, 1590.00
  844.70, 1485.00
  844.95, 1635.00
  845.20, 1689.00
  845.45, 1648.00
  845.70, 1617.00
  845.96, 1851.00
  846.21, 1845.00
  846.46, 1493.00
  846.71, 1462.00
  846.97, 1909.00
  847.22, 1837.00
  847.47, 1606.00
  847.72, 1758.00
  847.97, 1809.00
  848.23, 1719.00
  848.48, 1475.00
  848.73, 1469.00
  848.98, 1698.00
  849.23, 1707.00
  849.49, 1629.00
  849.74, 1696.00
  849.99, 1749.00
  850.24, 1590.00
  850.50, 1494.00
  850.75, 1693.00
  851.00, 1721.00
  851.25, 1761.00
  851.50, 1518.00
  851.76, 1516.00
  852.01, 1624.00
  852.26, 1614.00
  852.51, 1611.00
  852.76, 1779.00
  853.02, 1923.00
  853.27, 1757.00
  853.52, 1591.00
  853.77, 1595.00
  854.02, 1963.00
  854.27, 1883.00
  854.53, 1437.00
  854.78, 1425.00
  855.03, 1553.00
  855.28, 1676.00
  855.53, 1821.00
  855.79, 1662.00
  856.04, 1811.00
  856.29, 1716.00
  856.54, 1384.00
  856.79, 1461.00
  857.05, 1759.00
  857.30, 1758.00
  857.55, 1676.00
  857.80, 1608.00
  858.05, 1808.00
  858.30, 1665.00
  858.56, 1500.00
  858.81, 1574.00
  859.06, 1893.00
  859.31, 1590.00
  859.56, 1494.00
  859.81, 1612.00
  860.07, 1605.00
  860.32, 1559.00
  860.57, 1497.00
  860.82, 1675.00
  861.07, 2139.00
  861.32, 1812.00
  861.58, 1508.00
  861.83, 1539.00
  862.08, 1675.00
  862.33, 1694.00
  862.58, 1677.00
  862.83, 1782.00
  863.09, 1782.00
  863.34, 1885.00
  863.59, 1712.00
  863.84, 1549.00
  864.09, 1948.00
  864.34, 1968.00
  864.60, 1538.00
  864.85, 1413.00
  865.10, 1882.00
  865.35, 2067.00
  865.60, 1601.00
  865.85, 1586.00
  866.10, 1849.00
  866.36, 1681.00
  866.61, 1486.00
  866.86, 1446.00
  867.11, 1799.00
  867.36, 1845.00
  867.61, 1646.00
  867.86, 1613.00
  868.12, 1725.00
  868.37, 1720.00
  868.62, 1432.00
  868.87, 1499.00
  869.12, 1744.00
  869.37, 1662.00
  869.62, 1391.00
  869.88, 1604.00
  870.13, 1978.00
  870.38, 1750.00
  870.63, 1478.00
  870.88, 1650.00
  871.13, 1810.00
  871.38, 1796.00
  871.64, 1553.00
  871.89, 1459.00
  872.14, 1769.00
  872.39, 1964.00
  872.64, 1577.00
  872.89, 1544.00
  873.14, 1807.00
  873.39, 1772.00
  873.65, 1677.00
  873.90, 1865.00
  874.15, 1750.00
  874.40, 1698.00
  874.65, 1568.00
  874.90, 1695.00
  875.15, 1693.00
  875.40, 1546.00
  875.65, 1359.00
  875.91, 1485.00
  876.16, 1747.00
  876.41, 1685.00
  876.66, 1679.00
  876.91, 1795.00
  877.16, 1792.00
  877.41, 1610.00
  877.66, 1712.00
  877.91, 1929.00
  878.17, 2056.00
  878.42, 1682.00
  878.67, 1611.00
  878.92, 1764.00
  879.17, 1860.00
  879.42, 1721.00
  879.67, 1544.00
  879.92, 1586.00
  880.17, 1985.00
  880.43, 1814.00
  880.68, 1396.00
  880.93, 1590.00
  881.18, 1693.00
  881.43, 1713.00
  881.68, 1560.00
  881.93, 1660.00
  882.18, 1806.00
  882.43, 1650.00
  882.68, 1444.00
  882.93, 1484.00
  883.19, 1945.00
  883.44, 2004.00
  883.69, 1724.00
  883.94, 1656.00
  884.19, 1691.00
  884.44, 1786.00
  884.69, 1549.00
  884.94, 1478.00
  885.19, 1689.00
  885.44, 1826.00
  885.69, 1543.00
  885.94, 1672.00
  886.20, 2062.00
  886.45, 1864.00
  886.70, 1505.00
  886.95, 1623.00
  887.20, 1927.00
  887.45, 1792.00
  887.70, 1621.00
  887.95, 1522.00
  888.20, 1815.00
  888.45, 1847.00
  888.70, 1674.00
  888.95, 1779.00
  889.20, 1940.00
  889.45, 1742.00
  889.71, 1539.00
  889.96, 1677.00
  890.21, 1760.00
  890.46, 1690.00
  890.71, 1616.00
  890.96, 1691.00
  891.21, 2057.00
  891.46, 1886.00
  891.71, 1796.00
  891.96, 1614.00
  892.21, 1776.00
  892.46, 1899.00
  892.71, 1367.00
  892.96, 1460.00
  893.21, 1747.00
  893.46, 1628.00
  893.71, 1469.00
  893.97, 1537.00
  894.22, 1713.00
  894.47, 1606.00
  894.72, 1342.00
  894.97, 1583.00
  895.22, 1829.00
  895.47, 1893.00
  895.72, 1602.00
  895.97, 1572.00
  896.22, 1891.00
  896.47, 1821.00
  896.72, 1467.00
  896.97, 1761.00
  897.22, 2044.00
  897.47, 1732.00
  897.72, 1580.00
  897.97, 1647.00
  898.22, 1823.00
  898.47, 1872.00
  898.72, 1893.00
  898.97, 1640.00
  899.22, 1745.00
  899.47, 1788.00
  899.72, 1510.00
  899.97, 1452.00
  900.22, 1884.00
  900.48, 1729.00
  900.73, 1593.00
  900.98, 1754.00
  901.23, 1748.00
  901.48, 1646.00
  901.73, 1576.00
  901.98, 1758.00
  902.23, 1867.00
  902.48, 1797.00
  902.73, 1562.00
  902.98, 2216.00
  903.23, 3017.00
  903.48, 1782.00
  903.73, 1322.00
  903.98, 1579.00
  904.23, 1934.00
  904.48, 1652.00
  904.73, 1587.00
  904.98, 1696.00
  905.23, 1872.00
  905.48, 1625.00
  905.73, 1544.00
  905.98, 1645.00
  906.23, 1803.00
  906.48, 1786.00
  906.73, 1709.00
  906.98, 1562.00
  907.23, 1582.00
  907.48, 1502.00
  907.73, 1433.00
  907.98, 1502.00
  908.23, 1810.00
  908.48, 1845.00
  908.73, 1490.00
  908.98, 1478.00
  909.23, 1826.00
  909.48, 1771.00
  909.73, 1436.00
  909.98, 1497.00
  910.23, 1729.00
  910.48, 1502.00
  910.73, 1370.00
  910.98, 1510.00
  911.23, 1634.00
  911.48, 1597.00
  911.73, 1565.00
  911.98, 1715.00
  912.23, 1738.00
  912.48, 1591.00
  912.73, 1370.00
  912.98, 1584.00
  913.23, 1824.00
  913.48, 1725.00
  913.73, 1529.00
  913.98, 1521.00
  914.23, 1727.00
  914.48, 1664.00
  914.73, 1546.00
  914.98, 1720.00
  915.23, 1800.00
  915.47, 1870.00
  915.72, 1617.00
  915.97, 1486.00
  916.22, 1603.00
  916.47, 1723.00
  916.72, 1637.00
  916.97, 1548.00
  917.22, 1645.00
  917.47, 1761.00
  917.72, 1741.00
  917.97, 1749.00
  918.22, 1745.00
  918.47, 1661.00
  918.72, 1626.00
  918.97, 1875.00
  919.22, 1816.00
  919.47, 1708.00
  919.72, 1496.00
  919.97, 1621.00
  920.22, 1878.00
  920.47, 1784.00
  920.72, 1601.00
  920.97, 1586.00
  921.22, 1809.00
  921.47, 1662.00
  921.72, 1571.00
  921.96, 1896.00
  922.21, 1993.00
  922.46, 1711.00
  922.71, 1306.00
  922.96, 1466.00
  923.21, 1788.00
  923.46, 1772.00
  923.71, 1568.00
  923.96, 1566.00
  924.21, 1702.00
  924.46, 1650.00
  924.71, 1574.00
  924.96, 1463.00
  925.21, 1540.00
  925.46, 1688.00
  925.71, 1769.00
  925.96, 1697.00
  926.20, 1916.00
  926.45, 1690.00
  926.70, 1393.00
  926.95, 1543.00
  927.20, 1720.00
  927.45, 1665.00
  927.70, 1416.00
  927.95, 1487.00
  928.20, 1722.00
  928.45, 1633.00
  928.70, 1406.00
  928.95, 1543.00
  929.20, 1702.00
  929.45, 1610.00
  929.69, 1448.00
  929.94, 1634.00
  930.19, 1850.00
  930.44, 1845.00
  930.69, 1667.00
  930.94, 1978.00
  931.19, 1768.00
  931.44, 1696.00
  931.69, 1698.00
  931.94, 1775.00
  932.19, 1638.00
  932.44, 1713.00
  932.68, 1539.00
  932.93, 1579.00
  933.18, 1915.00
  933.43, 1805.00
  933.68, 1623.00
  933.93, 1693.00
  934.18, 1818.00
  934.43, 1742.00
  934.68, 1369.00
  934.93, 1411.00
  935.17, 1675.00
  935.42, 1760.00
  935.67, 1541.00
  935.92, 1474.00
  936.17, 1767.00
  936.42, 1791.00
  936.67, 1774.00
  936.92, 1686.00
  937.17, 1735.00
  937.42, 1661.00
  937.66, 1521.00
  937.91, 1695.00
  938.16, 1894.00
  938.41, 1688.00
  938.66, 1462.00
  938.91, 1608.00
  939.16, 1651.00
  939.41, 1527.00
  939.66, 1517.00
  939.90, 1681.00
  940.15, 1861.00
  940.40, 1820.00
  940.65, 1556.00
  940.90, 1630.00
  941.15, 1961.00
  941.40, 2080.00
  941.65, 1854.00
  941.89, 1584.00
  942.14, 1874.00
  942.39, 1897.00
  942.64, 1682.00
  942.89, 1596.00
  943.14, 1839.00
  943.39, 1758.00
  943.64, 1481.00
  943.88, 1407.00
  944.13, 1604.00
  944.38, 1688.00
  944.63, 1455.00
  944.88, 1625.00
  945.13, 2069.00
  945.38, 2093.00
  945.63, 1681.00
  945.87, 1777.00
  946.12, 1803.00
  946.37, 2084.00
  946.62, 1920.00
  946.87, 1624.00
  947.12, 1660.00
  947.37, 1736.00
  947.61, 1662.00
  947.86, 1626.00
  948.11, 2468.00
  948.36, 3475.00
  948.61, 1648.00
  948.86, 1442.00
  949.10, 1600.00
  949.35, 1678.00
  949.60, 1579.00
  949.85, 1683.00
  950.10, 1919.00
  950.35, 1739.00
  950.60, 1611.00
  950.84, 1801.00
  951.09, 1774.00
  951.34, 1782.00
  951.59, 1681.00
  951.84, 1770.00
  952.09, 1852.00
  952.33, 1697.00
  952.58, 1527.00
  952.83, 1723.00
  953.08, 2096.00
  953.33, 1733.00
  953.58, 1536.00
  953.82, 1673.00
  954.07, 2199.00
  954.32, 2385.00
  954.57, 1779.00
  954.82, 1718.00
  955.07, 1795.00
  955.31, 1949.00
  955.56, 1558.00
  955.81, 1755.00
  956.06, 1812.00
  956.31, 1722.00
  956.56, 1471.00
  956.80, 1637.00
  957.05, 1814.00
  957.30, 1779.00
  957.55, 1544.00
  957.80, 1550.00
  958.04, 1809.00
  958.29, 1953.00
  958.54, 1654.00
  958.79, 1566.00
  959.04, 1687.00
  959.29, 1840.00
  959.53, 1838.00
  959.78, 1809.00
  960.03, 1691.00
  960.28, 1755.00
  960.53, 1657.00
  960.77, 1649.00
  961.02, 1993.00
  961.27, 1893.00
  961.52, 1626.00
  961.77, 1650.00
  962.01, 1775.00
  962.26, 1799.00
  962.51, 1452.00
  962.76, 1650.00
  963.01, 1864.00
  963.25, 1792.00
  963.50, 1708.00
  963.75, 1752.00
  964.00, 2017.00
  964.25, 2021.00
  964.49, 1642.00
  964.74, 1487.00
  964.99, 1828.00
  965.24, 1741.00
  965.49, 1550.00
  965.73, 1616.00
  965.98, 1701.00
  966.23, 1718.00
  966.48, 1651.00
  966.72, 1721.00
  966.97, 2050.00
  967.22, 1878.00
  967.47, 1752.00
  967.72, 1596.00
  967.96, 1662.00
  968.21, 1723.00
  968.46, 1646.00
  968.71, 1544.00
  968.95, 1843.00
  969.20, 1657.00
  969.45, 1492.00
  969.70, 1513.00
  969.95, 1865.00
  970.19, 1832.00
  970.44, 1394.00
  970.69, 1511.00
  970.94, 1843.00
  971.18, 1782.00
  971.43, 1628.00
  971.68, 1637.00
  971.93, 1649.00
  972.17, 1792.00
  972.42, 1734.00
  972.67, 1675.00
  972.92, 1786.00
  973.17, 1717.00
  973.41, 1678.00
  973.66, 1810.00
  973.91, 1725.00
  974.16, 1724.00
  974.40, 1451.00
  974.65, 1668.00
  974.90, 1924.00
  975.15, 1829.00
  975.39, 1672.00
  975.64, 1766.00
  975.89, 1964.00
  976.14, 1956.00
  976.38, 1602.00
  976.63, 1719.00
  976.88, 1822.00
  977.13, 1840.00
  977.37, 1646.00
  977.62, 1647.00
  977.87, 1977.00
  978.12, 1964.00
  978.36, 1533.00
  978.61, 1624.00
  978.86, 1788.00
  979.10, 1770.00
  979.35, 1836.00
  979.60, 1731.00
  979.85, 1814.00
  980.09, 1658.00
  980.34, 1507.00
  980.59, 1538.00
  980.84, 1800.00
  981.08, 1810.00
  981.33, 1600.00
  981.58, 1668.00
  981.83, 1806.00
  982.07, 1574.00
  982.32, 1473.00
  982.57, 1460.00
  982.81, 1664.00
  983.06, 1502.00
  983.31, 1500.00
  983.56, 1513.00
  983.80, 1720.00
  984.05, 1763.00
  984.30, 1620.00
  984.54, 1644.00
  984.79, 1822.00
  985.04, 1752.00
  985.29, 1595.00
  985.53, 1662.00
  985.78, 1898.00
  986.03, 1818.00
  986.27, 1554.00
  986.52, 1640.00
  986.77, 1874.00
  987.02, 1656.00
  987.26, 1510.00
  987.51, 1803.00
  987.76, 1963.00
  988.00, 1905.00
  988.25, 1479.00
  988.50, 1643.00
  988.75, 1881.00
  988.99, 1695.00
  989.24, 1419.00
  989.49, 1551.00
  989.73, 1777.00
  989.98, 1779.00
  990.23, 1814.00
  990.47, 1711.00
  990.72, 1892.00
  990.97, 1728.00
  991.21, 1728.00
  991.46, 1758.00
  991.71, 1696.00
  991.96, 1646.00
  992.20, 1652.00
  992.45, 1640.00
  992.70, 1783.00
  992.94, 1679.00
  993.19, 1504.00
  993.44, 1665.00
  993.68, 2028.00
  993.93, 1865.00
  994.18, 1845.00
  994.42, 1692.00
  994.67, 2051.00
  994.92, 1921.00
  995.16, 1630.00
  995.41, 1536.00
  995.66, 1559.00
  995.90, 1589.00
  996.15, 1813.00
  996.40, 1816.00
  996.64, 1713.00
  996.89, 1760.00
  997.14, 1676.00
  997.38, 1566.00
  997.63, 1838.00
  997.88, 1661.00
  998.12, 1506.00
  998.37, 1686.00
  998.62, 1857.00
  998.86, 1994.00
  999.11, 1648.00
  999.36, 1678.00
  999.60, 1780.00
  999.85, 1557.00
 1000.10, 1424.00
 1000.34, 1431.00
 1000.59, 1687.00
 1000.84, 1759.00
 1001.08, 1564.00
 1001.33, 1642.00
 1001.58, 1784.00
 1001.82, 1662.00
 1002.07, 1619.00
 1002.32, 1703.00
 1002.56, 1811.00
 1002.81, 1733.00
 1003.06, 1524.00
 1003.30, 1553.00
 1003.55, 1756.00
 1003.80, 1785.00
 1004.04, 1560.00
 1004.29, 1727.00
 1004.53, 1948.00
 1004.78, 1932.00
 1005.03, 1725.00
 1005.27, 1613.00
 1005.52, 1973.00
 1005.77, 1832.00
 1006.01, 1645.00
 1006.26, 1869.00
 1006.51, 1970.00
 1006.75, 1764.00
 1007.00, 1408.00
 1007.24, 1444.00
 1007.49, 1748.00
 1007.74, 1645.00
 1007.98, 1458.00
 1008.23, 1646.00
 1008.48, 1785.00
 1008.72, 1788.00
 1008.97, 1649.00
 1009.21, 1601.00
 1009.46, 1905.00
 1009.71, 1973.00
 1009.95, 1755.00
 1010.20, 1576.00
 1010.45, 1786.00
 1010.69, 1694.00
 1010.94, 1482.00
 1011.18, 1542.00
 1011.43, 1708.00
 1011.68, 1693.00
 1011.92, 1702.00
 1012.17, 1806.00
 1012.41, 1761.00
 1012.66, 1656.00
 1012.91, 1463.00
 1013.15, 1593.00
 1013.40, 1897.00
 1013.65, 1808.00
 1013.89, 1559.00
 1014.14, 1478.00
 1014.38, 1668.00
 1014.63, 1657.00
 1014.88, 1489.00
 1015.12, 1506.00
 1015.37, 1682.00
 1015.61, 1773.00
 1015.86, 1555.00
 1016.11, 1732.00
 1016.35, 1774.00
 1016.60, 1686.00
 1016.84, 1664.00
 1017.09, 1637.00
 1017.33, 1886.00
 1017.58, 1829.00
 1017.83, 1652.00
 1018.07, 1680.00
 1018.32, 1839.00
 1018.56, 1617.00
 1018.81, 1450.00
 1019.06, 1555.00
 1019.30, 1749.00
 1019.55, 1697.00
 1019.79, 1628.00
 1020.04, 1961.00
 1020.29, 1945.00
 1020.53, 1632.00
 1020.78, 1489.00
 1021.02, 1631.00
 1021.27, 1737.00
 1021.51, 1668.00
 1021.76, 1536.00
 1022.01, 1628.00
 1022.25, 1894.00
 1022.50, 1824.00
 1022.74, 1546.00
 1022.99, 1603.00
 1023.23, 1854.00
 1023.48, 1957.00
 1023.73, 1780.00
 1023.97, 1660.00
 1024.22, 1757.00
 1024.46, 1575.00
 1024.71, 1396.00
 1024.95, 1549.00
 1025.20, 1682.00
 1025.44, 1607.00
 1025.69, 1636.00
 1025.94, 1613.00
 1026.18, 1672.00
 1026.43, 1728.00
 1026.67, 1480.00
 1026.92, 1773.00
 1027.16, 1936.00
 1027.41, 1577.00
 1027.65, 1467.00
 1027.90, 1701.00
 1028.15, 1752.00
 1028.39, 1589.00
 1028.64, 1381.00
 1028.88, 1622.00
 1029.13, 1927.00
 1029.37, 1698.00
 1029.62, 1323.00
 1029.86, 1499.00
 1030.11, 1798.00
 1030.35, 1726.00
 1030.60, 1672.00
 1030.85, 1638.00
 1031.09, 1668.00
 1031.34, 1700.00
 1031.58, 1802.00
 1031.83, 1901.00
 1032.07, 1651.00
 1032.32, 1605.00
 1032.56, 1439.00
 1032.81, 1590.00
 1033.05, 1872.00
 1033.30, 1763.00
 1033.54, 1461.00
 1033.79, 1735.00
 1034.03, 1997.00
 1034.28, 1901.00
 1034.53, 1666.00
 1034.77, 1741.00
 1035.02, 1912.00
 1035.26, 1779.00
 1035.51, 1596.00
 1035.75, 1766.00
 1036.00, 1899.00
 1036.24, 1970.00
 1036.49, 1641.00
 1036.73, 1710.00
 1036.98, 1879.00
 1037.22, 1871.00
 1037.47, 1709.00
 1037.71, 1658.00
 1037.96, 1852.00
 1038.20, 1745.00
 1038.45, 1570.00
 1038.69, 1601.00
 1038.94, 1716.00
 1039.18, 1732.00
 1039.43, 1624.00
 1039.67, 1603.00
 1039.92, 1783.00
 1040.16, 1904.00
 1040.41, 1526.00
 1040.65, 1461.00
 1040.90, 1879.00
 1041.14, 1836.00
 1041.39, 1569.00
 1041.63, 1597.00
 1041.88, 1876.00
 1042.12, 1976.00
 1042.37, 1672.00
 1042.61, 1563.00
 1042.86, 1676.00
 1043.10, 1497.00
 1043.35, 1596.00
 1043.59, 2231.00
 1043.84, 2098.00
 1044.08, 1868.00
 1044.33, 1446.00
 1044.57, 1764.00
 1044.82, 2034.00
 1045.06, 1724.00
 1045.31, 1643.00
 1045.55, 1552.00
 1045.80, 1688.00
 1046.04, 1749.00
 1046.29, 1555.00
 1046.53, 1479.00
 1046.78, 1750.00
 1047.02, 1854.00
 1047.27, 1596.00
 1047.51, 1773.00
 1047.75, 1927.00
 1048.00, 1740.00
 1048.24, 1708.00
 1048.49, 1945.00
 1048.73, 1866.00
 1048.98, 1770.00
 1049.22, 1504.00
 1049.47, 1571.00
 1049.71, 1826.00
 1049.96, 1712.00
 1050.20, 1380.00
 1050.45, 1450.00
 1050.69, 1728.00
 1050.94, 1775.00
 1051.18, 1491.00
 1051.42, 1582.00
 1051.67, 1754.00
 1051.91, 1721.00
 1052.16, 1637.00
 1052.40, 1759.00
 1052.65, 1826.00
 1052.89, 1582.00
 1053.14, 1489.00
 1053.38, 1708.00
 1053.63, 1754.00
 1053.87, 1808.00
 1054.11, 1419.00
 1054.36, 1426.00
 1054.60, 3300.00
 1054.85, 5341.00
 1055.09, 1986.00
 1055.34, 1818.00
 1055.58, 1811.00
 1055.83, 1900.00
 1056.07, 1574.00
 1056.31, 1667.00
 1056.56, 1898.00
 1056.80, 1825.00
 1057.05, 1537.00
 1057.29, 1637.00
 1057.54, 1884.00
 1057.78, 1920.00
 1058.02, 1705.00
 1058.27, 1993.00
 1058.51, 1926.00
 1058.76, 1744.00
 1059.00, 1515.00
 1059.25, 1469.00
 1059.49, 1720.00
 1059.74, 1705.00
 1059.98, 1665.00
 1060.22, 1895.00
 1060.47, 1793.00
 1060.71, 1703.00
 1060.96, 1491.00
 1061.20, 1649.00
 1061.44, 1798.00
 1061.69, 2696.00
 1061.93, 3710.00
 1062.18, 1855.00
 1062.42, 1818.00
 1062.67, 1634.00
 1062.91, 1405.00
 1063.15, 1479.00
 1063.40, 1818.00
 1063.64, 1641.00
 1063.89, 1484.00
 1064.13, 1633.00
 1064.37, 1771.00
 1064.62, 1714.00
 1064.86, 1651.00
 1065.11, 1525.00
 1065.35, 1719.00
 1065.59, 1933.00
 1065.84, 1771.00
 1066.08, 1843.00
 1066.33, 1970.00
 1066.57, 1795.00
 1066.81, 1776.00
 1067.06, 1650.00
 1067.30, 1895.00
 1067.55, 1767.00
 1067.79, 1530.00
 1068.03, 1478.00
 1068.28, 1657.00
 1068.52, 1774.00
 1068.77, 1836.00
 1069.01, 1725.00
 1069.25, 2129.00
 1069.50, 1845.00
 1069.74, 1366.00
 1069.99, 1593.00
 1070.23, 1940.00
 1070.47, 1642.00
 1070.72, 1444.00
 1070.96, 1538.00
 1071.20, 1691.00
 1071.45, 1822.00
 1071.69, 1696.00
 1071.94, 1524.00
 1072.18, 1842.00
 1072.42, 1840.00
 1072.67, 1752.00
 1072.91, 1755.00
 1073.15, 1748.00
 1073.40, 1650.00
 1073.64, 1703.00
 1073.89, 1554.00
 1074.13, 1906.00
 1074.37, 1884.00
 1074.62, 1450.00
 1074.86, 1776.00
 1075.10, 2271.00
 1075.35, 1739.00
 1075.59, 1865.00
 1075.83, 2048.00
 1076.08, 1861.00
 1076.32, 1733.00
 1076.57, 1510.00
 1076.81, 1609.00
 1077.05, 1781.00
 1077.30, 1594.00
 1077.54, 1498.00
 1077.78, 1688.00
 1078.03, 1798.00
 1078.27, 1882.00
 1078.51, 1701.00
 1078.76, 1542.00
 1079.00, 1872.00
 1079.24, 1905.00
 1079.49, 1564.00
 1079.73, 1680.00
 1079.97, 1788.00
 1080.22, 1580.00
 1080.46, 1428.00
 1080.71, 1794.00
 1080.95, 2116.00
 1081.19, 1914.00
 1081.44, 1754.00
 1081.68, 1850.00
 1081.92, 1910.00
 1082.17, 1732.00
 1082.41, 1460.00
 1082.65, 1636.00
 1082.90, 1878.00
 1083.14, 1791.00
 1083.38, 1671.00
 1083.63, 1680.00
 1083.87, 1752.00
 1084.11, 1827.00
 1084.36, 1720.00
 1084.60, 1787.00
 1084.84, 1847.00
 1085.09, 1712.00
 1085.33, 1574.00
 1085.57, 1691.00
 1085.81, 1886.00
 1086.06, 1737.00
 1086.30, 1624.00
 1086.54, 1761.00
 1086.79, 1941.00
 1087.03, 1856.00
 1087.27, 1856.00
 1087.52, 1729.00
 1087.76, 1822.00
 1088.00, 1886.00
 1088.25, 1712.00
 1088.49, 1714.00
 1088.73, 1896.00
 1088.98, 1899.00
 1089.22, 1477.00
 1089.46, 1575.00
 1089.71, 1813.00
 1089.95, 1828.00
 1090.19, 1538.00
 1090.43, 1514.00
 1090.68, 1918.00
 1090.92, 2114.00
 1091.16, 1535.00
 1091.41, 1470.00
 1091.65, 1864.00
 1091.89, 1985.00
 1092.14, 1642.00
 1092.38, 1626.00
 1092.62, 1938.00
 1092.86, 1860.00
 1093.11, 1748.00
 1093.35, 1727.00
 1093.59, 1743.00
 1093.84, 1675.00
 1094.08, 1536.00
 1094.32, 1491.00
 1094.56, 1857.00
 1094.81, 1855.00
 1095.05, 1635.00
 1095.29, 1608.00
 1095.54, 1820.00
 1095.78, 1927.00
 1096.02, 1651.00
 1096.26, 1742.00
 1096.51, 1779.00
 1096.75, 1651.00
 1096.99, 1718.00
 1097.24, 1712.00
 1097.48, 1798.00
 1097.72, 1732.00
 1097.96, 1450.00
 1098.21, 1605.00
 1098.45, 1972.00
 1098.69, 1856.00
 1098.93, 1599.00
 1099.18, 1581.00
 1099.42, 1860.00
 1099.66, 1946.00
 1099.90, 1600.00
 1100.15, 1660.00
 1100.39, 1843.00
 1100.63, 1648.00
 1100.88, 1489.00
 1101.12, 1549.00
 1101.36, 1794.00
 1101.60, 1729.00
 1101.85, 1686.00
 1102.09, 1752.00
 1102.33, 1924.00
 1102.57, 1969.00
 1102.82, 1806.00
 1103.06, 1710.00
 1103.30, 2090.00
 1103.54, 1956.00
 1103.79, 1705.00
 1104.03, 1736.00
 1104.27, 1934.00
 1104.51, 1902.00
 1104.76, 1512.00
 1105.00, 1540.00
 1105.24, 1860.00
 1105.48, 1650.00
 1105.73, 1692.00
 1105.97, 2096.00
 1106.21, 2041.00
 1106.45, 1816.00
 1106.70, 1360.00
 1106.94, 1488.00
 1107.18, 1665.00
 1107.42, 1584.00
 1107.66, 1404.00
 1107.91, 1534.00
 1108.15, 2007.00
 1108.39, 1883.00
 1108.63, 1750.00
 1108.88, 1833.00
 1109.12, 1915.00
 1109.36, 1860.00
 1109.60, 1528.00
 1109.85, 1434.00
 1110.09, 1652.00
 1110.33, 1751.00
 1110.57, 1430.00
 1110.81, 1641.00
 1111.06, 1870.00
 1111.30, 1689.00
 1111.54, 1619.00
 1111.78, 1916.00
 1112.03, 1943.00
 1112.27, 1732.00
 1112.51, 1556.00
 1112.75, 1730.00
 1112.99, 1690.00
 1113.24, 1491.00
 1113.48, 1406.00
 1113.72, 1650.00
 1113.96, 1747.00
 1114.20, 1718.00
 1114.45, 1704.00
 1114.69, 1803.00
 1114.93, 1690.00
 1115.17, 1667.00
 1115.41, 1478.00
 1115.66, 1633.00
 1115.90, 1914.00
 1116.14, 1992.00
 1116.38, 1745.00
 1116.62, 1684.00
 1116.87, 2070.00
 1117.11, 1880.00
 1117.35, 1525.00
 1117.59, 1476.00
 1117.83, 1801.00
 1118.08, 1787.00
 1118.32, 1681.00
 1118.56, 1858.00
 1118.80, 1954.00
 1119.04, 1674.00
 1119.29, 1475.00
 1119.53, 1548.00
 1119.77, 1766.00
 1120.01, 1838.00
 1120.25, 1621.00
 1120.49, 1796.00
 1120.74, 1974.00
 1120.98, 1840.00
 1121.22, 1580.00
 1121.46, 1563.00
 1121.70, 1882.00
 1121.94, 2003.00
 1122.19, 1668.00
 1122.43, 1809.00
 1122.67, 2000.00
 1122.91, 1816.00
 1123.15, 1522.00
 1123.40, 1761.00
 1123.64, 1962.00
 1123.88, 1777.00
 1124.12, 1729.00
 1124.36, 1606.00
 1124.60, 1692.00
 1124.85, 1652.00
 1125.09, 1426.00
 1125.33, 1632.00
 1125.57, 2012.00
 1125.81, 1857.00
 1126.05, 1598.00
 1126.29, 1681.00
 1126.54, 1950.00
 1126.78, 1851.00
 1127.02, 1644.00
 1127.26, 1516.00
 1127.50, 1813.00
 1127.74, 1782.00
 1127.99, 1657.00
 1128.23, 1613.00
 1128.47, 1920.00
 1128.71, 1877.00
 1128.95, 1622.00
 1129.19, 1485.00
 1129.43, 1711.00
 1129.68, 1794.00
 1129.92, 1697.00
 1130.16, 1683.00
 1130.40, 1804.00
 1130.64, 1875.00
 1130.88, 1672.00
 1131.12, 1799.00
 1131.37, 2251.00
 1131.61, 1828.00
 1131.85, 1574.00
 1132.09, 1576.00
 1132.33, 1919.00
 1132.57, 1888.00
 1132.81, 1421.00
 1133.05, 1524.00
 1133.30, 1788.00
 1133.54, 1896.00
 1133.78, 1785.00
 1134.02, 1677.00
 1134.26, 1783.00
 1134.50, 1737.00
 1134.74, 1645.00
 1134.98, 1557.00
 1135.23, 1788.00
 1135.47, 1618.00
 1135.71, 1450.00
 1135.95, 1662.00
 1136.19, 1872.00
 1136.43, 1733.00
 1136.67, 1595.00
 1136.91, 1757.00
 1137.16, 1912.00
 1137.40, 1928.00
 1137.64, 1552.00
 1137.88, 1594.00
 1138.12, 1924.00
 1138.36, 1759.00
 1138.60, 1484.00
 1138.84, 1571.00
 1139.08, 1768.00
 1139.32, 1562.00
 1139.57, 1424.00
 1139.81, 1531.00
 1140.05, 1781.00
 1140.29, 1841.00
 1140.53, 1711.00
 1140.77, 1759.00
 1141.01, 1977.00
 1141.25, 1850.00
 1141.49, 1759.00
 1141.73, 1854.00
 1141.98, 1888.00
 1142.22, 1722.00
 1142.46, 1489.00
 1142.70, 1427.00
 1142.94, 1587.00
 1143.18, 1613.00
 1143.42, 1579.00
 1143.66, 1726.00
 1143.90, 1960.00
 1144.14, 1745.00
 1144.38, 1473.00
 1144.63, 1524.00
 1144.87, 1962.00
 1145.11, 1788.00
 1145.35, 1553.00
 1145.59, 1746.00
 1145.83, 2060.00
 1146.07, 1816.00
 1146.31, 1585.00
 1146.55, 1688.00
 1146.79, 1835.00
 1147.03, 1661.00
 1147.27, 1547.00
 1147.51, 1720.00
 1147.75, 1827.00
 1148.00, 1780.00
 1148.24, 1415.00
 1148.48, 1724.00
 1148.72, 2091.00
 1148.96, 1646.00
 1149.20, 1440.00
 1149.44, 1696.00
 1149.68, 1982.00
 1149.92, 1749.00
 1150.16, 1631.00
 1150.40, 1690.00
 1150.64, 2025.00
 1150.88, 1755.00
 1151.12, 1589.00
 1151.36, 1788.00
 1151.60, 2007.00
 1151.84, 1842.00
 1152.09, 1642.00
 1152.33, 1833.00
 1152.57, 2005.00
 1152.81, 1852.00
 1153.05, 1453.00
 1153.29, 1608.00
 1153.53, 2006.00
 1153.77, 1914.00
 1154.01, 1724.00
 1154.25, 1979.00
 1154.49, 2074.00
 1154.73, 1904.00
 1154.97, 1723.00
 1155.21, 1712.00
 1155.45, 1850.00
 1155.69, 1863.00
 1155.93, 1616.00
 1156.17, 1647.00
 1156.41, 1983.00
 1156.65, 1742.00
 1156.89, 1410.00
 1157.13, 1690.00
 1157.37, 1875.00
 1157.61, 1814.00
 1157.85, 1594.00
 1158.09, 1602.00
 1158.33, 1781.00
 1158.58, 1702.00
 1158.82, 1480.00
 1159.06, 1681.00
 1159.30, 1766.00
 1159.54, 1877.00
 1159.78, 2044.00
 1160.02, 2382.00
 1160.26, 1964.00
 1160.50, 1880.00
 1160.74, 1651.00
 1160.98, 1753.00
 1161.22, 1783.00
 1161.46, 1734.00
 1161.70, 1545.00
 1161.94, 1616.00
 1162.18, 1926.00
 1162.42, 2028.00
 1162.66, 1514.00
 1162.90, 1614.00
 1163.14, 2091.00
 1163.38, 2014.00
 1163.62, 1488.00
 1163.86, 1537.00
 1164.10, 1748.00
 1164.34, 1725.00
 1164.58, 1414.00
 1164.82, 1569.00
 1165.06, 1895.00
 1165.30, 1945.00
 1165.54, 1553.00
 1165.78, 1629.00
 1166.02, 1912.00
 1166.26, 1698.00
 1166.50, 1533.00
 1166.74, 1732.00
 1166.98, 1941.00
 1167.22, 1747.00
 1167.46, 1531.00
 1167.70, 1661.00
 1167.94, 1859.00
 1168.18, 1838.00
 1168.42, 1713.00
 1168.66, 1748.00
 1168.90, 2109.00
 1169.14, 1868.00
 1169.38, 1639.00
 1169.61, 1731.00
 1169.85, 2028.00
 1170.09, 1887.00
 1170.33, 1508.00
 1170.57, 1752.00
 1170.81, 2099.00
 1171.05, 2054.00
 1171.29, 1603.00
 1171.53, 1723.00
 1171.77, 1958.00
 1172.01, 1915.00
 1172.25, 1598.00
 1172.49, 1601.00
 1172.73, 1990.00
 1172.97, 1857.00
 1173.21, 1738.00
 1173.45, 1657.00
 1173.69, 2043.00
 1173.93, 1832.00
 1174.17, 1610.00
 1174.41, 1738.00
 1174.65, 1918.00
 1174.89, 1829.00
 1175.13, 1476.00
 1175.37, 1554.00
 1175.61, 1914.00
 1175.85, 1989.00
 1176.08, 1491.00
 1176.32, 1780.00
 1176.56, 2167.00
 1176.80, 1874.00
 1177.04, 1605.00
 1177.28, 1808.00
 1177.52, 2082.00
 1177.76, 1877.00
 1178.00, 1799.00
 1178.24, 1778.00
 1178.48, 1991.00
 1178.72, 1924.00
 1178.96, 1539.00
 1179.20, 1529.00
 1179.44, 2040.00
 1179.68, 1919.00
 1179.92, 1623.00
 1180.15, 1790.00
 1180.39, 2045.00
 1180.63, 1985.00
 1180.87, 1701.00
 1181.11, 1920.00
 1181.35, 2275.00
 1181.59, 2162.00
 1181.83, 1586.00
 1182.07, 1683.00
 1182.31, 1882.00
 1182.55, 1706.00
 1182.79, 1392.00
 1183.03, 1649.00
 1183.26, 1915.00
 1183.50, 1915.00
 1183.74, 1601.00
 1183.98, 1655.00
 1184.22, 1918.00
 1184.46, 1991.00
 1184.70, 1771.00
 1184.94, 1727.00
 1185.18, 1873.00
 1185.42, 1724.00
 1185.66, 1394.00
 1185.89, 1477.00
 1186.13, 1873.00
 1186.37, 1818.00
 1186.61, 1424.00
 1186.85, 1634.00
 1187.09, 1913.00
 1187.33, 1723.00
 1187.57, 1448.00
 1187.81, 1644.00
 1188.05, 1945.00
 1188.29, 1759.00
 1188.52, 1381.00
 1188.76, 1593.00
 1189.00, 1880.00
 1189.24, 1665.00
 1189.48, 1469.00
 1189.72, 1649.00
 1189.96, 1887.00
 1190.20, 1778.00
 1190.44, 1367.00
 1190.67, 1629.00
 1190.91, 1939.00
 1191.15, 1707.00
 1191.39, 1353.00
 1191.63, 1541.00
 1191.87, 1786.00
 1192.11, 1677.00
 1192.35, 1514.00
 1192.58, 1754.00
 1192.82, 2015.00
 1193.06, 1780.00
 1193.30, 1526.00
 1193.54, 1827.00
 1193.78, 2166.00
 1194.02, 1941.00
 1194.26, 1677.00
 1194.49, 1661.00
 1194.73, 1875.00
 1194.97, 1779.00
 1195.21, 1468.00
 1195.45, 1568.00
 1195.69, 1855.00
 1195.93, 1846.00
 1196.17, 1478.00
 1196.40, 1572.00
 1196.64, 1957.00
 1196.88, 1908.00
 1197.12, 1749.00
 1197.36, 1566.00
 1197.60, 1855.00
 1197.84, 1817.00
 1198.07, 1875.00
 1198.31, 1843.00
 1198.55, 2025.00
 1198.79, 1739.00
 1199.03, 1470.00
 1199.27, 1730.00
 1199.51, 1821.00
 1199.74, 1697.00
 1199.98, 1623.00
 1200.22, 1598.00
 1200.46, 2021.00
 1200.70, 1940.00
 1200.94, 1508.00
 1201.17, 1882.00
 1201.41, 2122.00
 1201.65, 1888.00
 1201.89, 1667.00
 1202.13, 1622.00
 1202.37, 1900.00
 1202.60, 1712.00
 1202.84, 1668.00
 1203.08, 1601.00
 1203.32, 1908.00
 1203.56, 1693.00
 1203.80, 1514.00
 1204.03, 1808.00
 1204.27, 1894.00
 1204.51, 1693.00
 1204.75, 1464.00
 1204.99, 1492.00
 1205.23, 1915.00
 1205.46, 1764.00
 1205.70, 1395.00
 1205.94, 1541.00
 1206.18, 1811.00
 1206.42, 1832.00
 1206.65, 1587.00
 1206.89, 1697.00
 1207.13, 1824.00
 1207.37, 1819.00
 1207.61, 1614.00
 1207.85, 1662.00
 1208.08, 1814.00
 1208.32, 1821.00
 1208.56, 1616.00
 1208.80, 1542.00
 1209.04, 1770.00
 1209.27, 1689.00
 1209.51, 1437.00
 1209.75, 1696.00
 1209.99, 1986.00
 1210.23, 1582.00
 1210.46, 1316.00
 1210.70, 1603.00
 1210.94, 1883.00
 1211.18, 1539.00
 1211.42, 1391.00
 1211.65, 2068.00
 1211.89, 2721.00
 1212.13, 1916.00
 1212.37, 1683.00
 1212.61, 1613.00
 1212.84, 1910.00
 1213.08, 1782.00
 1213.32, 1458.00
 1213.56, 1517.00
 1213.80, 1899.00
 1214.03, 1831.00
 1214.27, 1634.00
 1214.51, 1782.00
 1214.75, 2196.00
 1214.98, 1990.00
 1215.22, 1591.00
 1215.46, 1554.00
 1215.70, 1872.00
 1215.94, 1722.00
 1216.17, 1614.00
 1216.41, 1598.00
 1216.65, 1960.00
 1216.89, 2005.00
 1217.12, 1464.00
 1217.36, 1580.00
 1217.60, 2098.00
 1217.84, 2004.00
 1218.08, 1818.00
 1218.31, 2242.00
 1218.55, 2219.00
 1218.79, 1782.00
 1219.03, 1414.00
 1219.26, 1549.00
 1219.50, 1823.00
 1219.74, 1845.00
 1219.98, 1448.00
 1220.21, 1613.00
 1220.45, 1948.00
 1220.69, 1879.00
 1220.93, 1865.00
 1221.16, 1957.00
 1221.40, 1882.00
 1221.64, 1987.00
 1221.88, 1837.00
 1222.11, 1699.00
 1222.35, 2030.00
