  295.67, 1009.00
  295.94, 1009.00
  296.21, 1009.00
  296.48, 1009.00
  296.75, 1168.00
  297.02, 1541.00
  297.28, 1707.00
  297.55, 2007.00
  297.82, 1902.00
  298.09, 1396.00
  298.36, 1605.00
  298.63, 1838.00
  298.89, 1679.00
  299.16, 1564.00
  299.43, 1659.00
  299.70, 1826.00
  299.97, 1597.00
  300.23, 1412.00
  300.50, 1612.00
  300.77, 1975.00
  301.04, 1795.00
  301.31, 1548.00
  301.58, 1568.00
  301.84, 2000.00
  302.11, 1957.00
  302.38, 1601.00
  302.65, 1754.00
  302.92, 2110.00
  303.19, 1873.00
  303.45, 1621.00
  303.72, 1442.00
  303.99, 1651.00
  304.26, 1587.00
  304.53, 1532.00
  304.79, 1761.00
  305.06, 1905.00
  305.33, 1799.00
  305.60, 1673.00
  305.87, 1747.00
  306.13, 1891.00
  306.40, 1724.00
  306.67, 1615.00
  306.94, 1731.00
  307.21, 1793.00
  307.48, 1749.00
  307.74, 1642.00
  308.01, 1563.00
  308.28, 1817.00
  308.55, 1886.00
  308.82, 1725.00
  309.08, 1666.00
  309.35, 2054.00
  309.62, 1744.00
  309.89, 1492.00
  310.16, 1516.00
  310.42, 1628.00
  310.69, 1540.00
  310.96, 1338.00
  311.23, 1490.00
  311.50, 1891.00
  311.76, 1782.00
  312.03, 1568.00
  312.30, 1676.00
  312.57, 1848.00
  312.84, 1625.00
  313.10, 1372.00
  313.37, 1573.00
  313.64, 1850.00
  313.91, 2017.00
  314.18, 1546.00
  314.44, 1680.00
  314.71, 1738.00
  314.98, 1685.00
  315.25, 1510.00
  315.52, 1779.00
  315.78, 1946.00
  316.05, 1705.00
  316.32, 1495.00
  316.59, 1514.00
  316.85, 1823.00
  317.12, 1647.00
  317.39, 1457.00
  317.66, 1488.00
  317.93, 1857.00
  318.19, 1783.00
  318.46, 1497.00
  318.73, 1469.00
  319.00, 1659.00
  319.26, 1685.00
  319.53, 1519.00
  319.80, 1688.00
  320.07, 1966.00
  320.34, 1887.00
  320.60, 1475.00
  320.87, 1547.00
  321.14, 1765.00
  321.41, 1739.00
  321.67, 1589.00
  321.94, 1675.00
  322.21, 1782.00
  322.48, 1818.00
  322.75, 1764.00
  323.01, 1810.00
  323.28, 1874.00
  323.55, 1822.00
  323.82, 1473.00
  324.08, 1700.00
  324.35, 1766.00
  324.62, 1706.00
  324.89, 1508.00
  325.15, 1484.00
  325.42, 1789.00
  325.69, 1980.00
  325.96, 1734.00
  326.23, 1826.00
  326.49, 2127.00
  326.76, 1931.00
  327.03, 1605.00
  327.30, 1832.00
  327.56, 2172.00
  327.83, 1850.00
  328.10, 1555.00
  328.37, 1710.00
  328.63, 1821.00
  328.90, 1748.00
  329.17, 1460.00
  329.44, 1651.00
  329.70, 1878.00
  329.97, 1719.00
  330.24, 1562.00
  330.51, 1665.00
  330.77, 1806.00
  331.04, 1681.00
  331.31, 1408.00
  331.58, 1647.00
  331.84, 1869.00
  332.11, 1937.00
  332.38, 1587.00
  332.65, 1641.00
  332.91, 1806.00
  333.18, 1717.00
  333.45, 1479.00
  333.72, 1600.00
  333.98, 1730.00
  334.25, 1640.00
  334.52, 1515.00
  334.79, 1541.00
  335.05, 1800.00
  335.32, 1697.00
  335.59, 1556.00
  335.86, 1573.00
  336.12, 1801.00
  336.39, 1691.00
  336.66, 1690.00
  336.93, 1757.00
  337.19, 1785.00
  337.46, 1651.00
  337.73, 1577.00
  337.99, 1675.00
  338.26, 1873.00
  338.53, 1816.00
  338.80, 1557.00
  339.06, 1551.00
  339.33, 1805.00
  339.60, 1719.00
  339.87, 1464.00
  340.13, 1530.00
  340.40, 1762.00
  340.67, 1658.00
  340.93, 1402.00
  341.20, 1476.00
  341.47, 1887.00
  341.74, 2122.00
  342.00, 2083.00
  342.27, 1591.00
  342.54, 1794.00
  342.81, 1701.00
  343.07, 1547.00
  343.34, 1870.00
  343.61, 1986.00
  343.87, 1721.00
  344.14, 1777.00
  344.41, 1536.00
  344.68, 1687.00
  344.94, 1643.00
  345.21, 1429.00
  345.48, 1514.00
  345.74, 1812.00
  346.01, 1621.00
  346.28, 1561.00
  346.55, 1688.00
  346.81, 1984.00
  347.08, 1694.00
  347.35, 1462.00
  347.61, 1600.00
  347.88, 1792.00
  348.15, 1727.00
  348.42, 1563.00
  348.68, 1750.00
  348.95, 1740.00
  349.22, 1617.00
  349.48, 1337.00
  349.75, 1412.00
  350.02, 1708.00
  350.28, 1848.00
  350.55, 1721.00
  350.82, 1698.00
  351.09, 1753.00
  351.35, 1756.00
  351.62, 1618.00
  351.89, 1560.00
  352.15, 1878.00
  352.42, 1953.00
  352.69, 1701.00
  352.95, 1787.00
  353.22, 1756.00
  353.49, 1766.00
  353.76, 1460.00
  354.02, 1712.00
  354.29, 1781.00
  354.56, 1815.00
  354.82, 1666.00
  355.09, 1493.00
  355.36, 1878.00
  355.62, 1873.00
  355.89, 1541.00
  356.16, 1577.00
  356.42, 1949.00
  356.69, 1784.00
  356.96, 1676.00
  357.22, 1739.00
  357.49, 1907.00
  357.76, 1753.00
  358.03, 1372.00
  358.29, 1465.00
  358.56, 1745.00
  358.83, 1767.00
  359.09, 1460.00
  359.36, 1673.00
  359.63, 1856.00
  359.89, 1562.00
  360.16, 1454.00
  360.43, 1619.00
  360.69, 1827.00
  360.96, 1693.00
  361.23, 1537.00
  361.49, 1725.00
  361.76, 1808.00
  362.03, 1756.00
  362.29, 1530.00
  362.56, 1679.00
  362.83, 1742.00
  363.09, 1593.00
  363.36, 1460.00
  363.63, 1472.00
  363.89, 1736.00
  364.16, 1776.00
  364.43, 1400.00
  364.69, 1460.00
  364.96, 1784.00
  365.23, 1645.00
  365.49, 1443.00
  365.76, 1614.00
  366.03, 1735.00
  366.29, 1705.00
  366.56, 1526.00
  366.83, 1620.00
  367.09, 1841.00
  367.36, 1682.00
  367.63, 1441.00
  367.89, 1596.00
  368.16, 1866.00
  368.43, 1762.00
  368.69, 1564.00
  368.96, 1584.00
  369.23, 1771.00
  369.49, 1735.00
  369.76, 1469.00
  370.03, 1580.00
  370.29, 1958.00
  370.56, 1737.00
  370.82, 1541.00
  371.09, 1597.00
  371.36, 1934.00
  371.62, 1831.00
  371.89, 1598.00
  372.16, 1607.00
  372.42, 2077.00
  372.69, 1971.00
  372.96, 1473.00
  373.22, 1478.00
  373.49, 1741.00
  373.76, 1687.00
  374.02, 1469.00
  374.29, 1513.00
  374.55, 1841.00
  374.82, 1795.00
  375.09, 1517.00
  375.35, 1573.00
  375.62, 1796.00
  375.89, 1773.00
  376.15, 1570.00
  376.42, 1475.00
  376.69, 1685.00
  376.95, 1665.00
  377.22, 1556.00
  377.48, 1597.00
  377.75, 1771.00
  378.02, 1614.00
  378.28, 1454.00
  378.55, 1774.00
  378.82, 2151.00
  379.08, 1759.00
  379.35, 1515.00
  379.62, 1684.00
  379.88, 1839.00
  380.15, 1788.00
  380.41, 1624.00
  380.68, 1626.00
  380.95, 1841.00
  381.21, 1806.00
  381.48, 1419.00
  381.74, 1678.00
  382.01, 1822.00
  382.28, 1524.00
  382.54, 1324.00
  382.81, 1436.00
  383.08, 1772.00
  383.34, 1687.00
  383.61, 1546.00
  383.87, 1643.00
  384.14, 1810.00
  384.41, 1620.00
  384.67, 1486.00
  384.94, 1642.00
  385.21, 1740.00
  385.47, 1641.00
  385.74, 1395.00
  386.00, 1650.00
  386.27, 1866.00
  386.54, 1720.00
  386.80, 1623.00
  387.07, 1595.00
  387.33, 1842.00
  387.60, 1738.00
  387.87, 1508.00
  388.13, 1721.00
  388.40, 1726.00
  388.66, 2038.00
  388.93, 2375.00
  389.20, 1611.00
  389.46, 1860.00
  389.73, 1662.00
  389.99, 1505.00
  390.26, 1744.00
  390.53, 1990.00
  390.79, 1971.00
  391.06, 1800.00
  391.32, 1723.00
  391.59, 1822.00
  391.86, 1825.00
  392.12, 1588.00
  392.39, 1805.00
  392.65, 1815.00
  392.92, 1826.00
  393.19, 1664.00
  393.45, 1862.00
  393.72, 1835.00
  393.98, 1770.00
  394.25, 1457.00
  394.52, 1732.00
  394.78, 1989.00
  395.05, 1776.00
  395.31, 1524.00
  395.58, 1639.00
  395.84, 1942.00
  396.11, 1817.00
  396.38, 1646.00
  396.64, 1555.00
  396.91, 1750.00
  397.17, 1766.00
  397.44, 1529.00
  397.71, 1510.00
  397.97, 1683.00
  398.24, 1790.00
  398.50, 1536.00
  398.77, 1569.00
  399.03, 1842.00
  399.30, 1799.00
  399.57, 1658.00
  399.83, 1575.00
  400.10, 1840.00
  400.36, 1696.00
  400.63, 1596.00
  400.89, 1632.00
  401.16, 1979.00
  401.43, 1848.00
  401.69, 1632.00
  401.96, 1659.00
  402.22, 1729.00
  402.49, 1662.00
  402.75, 1392.00
  403.02, 1509.00
  403.29, 1940.00
  403.55, 1798.00
  403.82, 1538.00
  404.08, 1647.00
  404.35, 1694.00
  404.61, 1718.00
  404.88, 1541.00
  405.14, 1644.00
  405.41, 1954.00
  405.68, 1873.00
  405.94, 1645.00
  406.21, 1508.00
  406.47, 1786.00
  406.74, 1783.00
  407.00, 1585.00
  407.27, 1633.00
  407.53, 1900.00
  407.80, 1939.00
  408.07, 1510.00
  408.33, 1660.00
  408.60, 1917.00
  408.86, 1696.00
  409.13, 1565.00
  409.39, 1741.00
  409.66, 1905.00
  409.92, 1729.00
  410.19, 1442.00
  410.46, 1650.00
  410.72, 1738.00
  410.99, 1615.00
  411.25, 1425.00
  411.52, 1516.00
  411.78, 1853.00
  412.05, 1984.00
  412.31, 1661.00
  412.58, 1528.00
  412.84, 1777.00
  413.11, 1866.00
  413.37, 1737.00
  413.64, 1665.00
  413.91, 1758.00
  414.17, 1655.00
  414.44, 1401.00
  414.70, 1490.00
  414.97, 1573.00
  415.23, 1638.00
  415.50, 1522.00
  415.76, 1629.00
  416.03, 1841.00
  416.29, 1739.00
  416.56, 1590.00
  416.82, 1702.00
  417.09, 1994.00
  417.35, 1837.00
  417.62, 1402.00
  417.89, 1594.00
  418.15, 1831.00
  418.42, 1758.00
  418.68, 1611.00
  418.95, 1691.00
  419.21, 1762.00
  419.48, 1550.00
  419.74, 1361.00
  420.01, 1550.00
  420.27, 1696.00
  420.54, 1797.00
  420.80, 1724.00
  421.07, 1867.00
  421.33, 2089.00
  421.60, 1685.00
  421.86, 1416.00
  422.13, 1637.00
  422.39, 1886.00
  422.66, 1695.00
  422.92, 1507.00
  423.19, 1688.00
  423.45, 1955.00
  423.72, 1851.00
  423.98, 1605.00
  424.25, 1657.00
  424.51, 2083.00
  424.78, 1888.00
  425.04, 1628.00
  425.31, 1721.00
  425.58, 1715.00
  425.84, 1764.00
  426.11, 1439.00
  426.37, 1541.00
  426.64, 1913.00
  426.90, 1914.00
  427.17, 1523.00
  427.43, 1414.00
  427.70, 1697.00
  427.96, 1782.00
  428.23, 1687.00
  428.49, 1785.00
  428.76, 1653.00
  429.02, 1655.00
  429.29, 1482.00
  429.55, 1554.00
  429.82, 1826.00
  430.08, 1931.00
  430.34, 1713.00
  430.61, 1786.00
  430.87, 1978.00
  431.14, 1596.00
  431.40, 1428.00
  431.67, 1771.00
  431.93, 1895.00
  432.20, 1732.00
  432.46, 1565.00
  432.73, 1643.00
  432.99, 1988.00
  433.26, 1830.00
  433.52, 1673.00
  433.79, 1936.00
  434.05, 1849.00
  434.32, 1656.00
  434.58, 1529.00
  434.85, 1609.00
  435.11, 1914.00
  435.38, 1689.00
  435.64, 1505.00
  435.91, 1767.00
  436.17, 2000.00
  436.44, 1697.00
  436.70, 1643.00
  436.97, 1704.00
  437.23, 1910.00
  437.50, 1871.00
  437.76, 1576.00
  438.02, 1616.00
  438.29, 1761.00
  438.55, 1766.00
  438.82, 1520.00
  439.08, 1454.00
  439.35, 1807.00
  439.61, 1833.00
  439.88, 1452.00
  440.14, 1501.00
  440.41, 1835.00
  440.67, 1772.00
  440.94, 1543.00
  441.20, 1796.00
  441.47, 1934.00
  441.73, 1732.00
  441.99, 1580.00
  442.26, 1623.00
  442.52, 1879.00
  442.79, 1887.00
  443.05, 1463.00
  443.32, 1372.00
  443.58, 1702.00
  443.85, 1650.00
  444.11, 1379.00
  444.38, 1594.00
  444.64, 1998.00
  444.91, 1834.00
  445.17, 1512.00
  445.43, 1606.00
  445.70, 1705.00
  445.96, 1587.00
  446.23, 1426.00
  446.49, 1500.00
  446.76, 1817.00
  447.02, 1868.00
  447.29, 1598.00
  447.55, 1552.00
  447.81, 1840.00
  448.08, 1707.00
  448.34, 1551.00
  448.61, 1579.00
  448.87, 1895.00
  449.14, 1761.00
  449.40, 1479.00
  449.67, 1696.00
  449.93, 1905.00
  450.19, 1757.00
  450.46, 1681.00
  450.72, 1806.00
  450.99, 1989.00
  451.25, 1764.00
  451.52, 1467.00
  451.78, 1607.00
  452.05, 1837.00
  452.31, 1607.00
  452.57, 1499.00
  452.84, 1556.00
  453.10, 1686.00
  453.37, 1529.00
  453.63, 1307.00
  453.90, 1483.00
  454.16, 1945.00
  454.42, 1690.00
  454.69, 1443.00
  454.95, 1500.00
  455.22, 1676.00
  455.48, 1723.00
  455.75, 1532.00
  456.01, 1453.00
  456.27, 1829.00
  456.54, 1939.00
  456.80, 1673.00
  457.07, 1685.00
  457.33, 1705.00
  457.59, 1614.00
  457.86, 1607.00
  458.12, 1734.00
  458.39, 1842.00
  458.65, 1750.00
  458.92, 1638.00
  459.18, 1740.00
  459.44, 1872.00
  459.71, 1846.00
  459.97, 1491.00
  460.24, 1383.00
  460.50, 1663.00
  460.76, 1656.00
  461.03, 1730.00
  461.29, 1851.00
  461.56, 1740.00
  461.82, 1654.00
  462.09, 1554.00
  462.35, 1605.00
  462.61, 1886.00
  462.88, 1958.00
  463.14, 1440.00
  463.41, 1497.00
  463.67, 1707.00
  463.93, 1843.00
  464.20, 1548.00
  464.46, 1657.00
  464.73, 1832.00
  464.99, 1598.00
  465.25, 1322.00
  465.52, 1542.00
  465.78, 1938.00
  466.05, 2033.00
  466.31, 1718.00
  466.57, 1545.00
  466.84, 1841.00
  467.10, 1704.00
  467.37, 1413.00
  467.63, 1656.00
  467.89, 1905.00
  468.16, 1759.00
  468.42, 1619.00
  468.68, 1586.00
  468.95, 1894.00
  469.21, 1923.00
  469.48, 1511.00
  469.74, 1453.00
  470.00, 1577.00
  470.27, 1598.00
  470.53, 1473.00
  470.80, 1611.00
  471.06, 1800.00
  471.32, 1776.00
  471.59, 1499.00
  471.85, 1629.00
  472.11, 1671.00
  472.38, 1800.00
  472.64, 1747.00
  472.91, 1718.00
  473.17, 1927.00
  473.43, 1812.00
  473.70, 1856.00
  473.96, 2088.00
  474.22, 1908.00
  474.49, 1963.00
  474.75, 1721.00
  475.02, 1610.00
  475.28, 1831.00
  475.54, 1990.00
  475.81, 1601.00
  476.07, 1581.00
  476.33, 1748.00
  476.60, 1740.00
  476.86, 1528.00
  477.13, 1560.00
  477.39, 1789.00
  477.65, 1583.00
  477.92, 1438.00
  478.18, 1561.00
  478.44, 1761.00
  478.71, 1796.00
  478.97, 1488.00
  479.23, 1644.00
  479.50, 1771.00
  479.76, 1555.00
  480.03, 1542.00
  480.29, 1872.00
  480.55, 1997.00
  480.82, 1979.00
  481.08, 1593.00
  481.34, 1573.00
  481.61, 1754.00
  481.87, 1673.00
  482.13, 1513.00
  482.40, 1757.00
  482.66, 1865.00
  482.92, 1645.00
  483.19, 1768.00
  483.45, 1757.00
  483.71, 1775.00
  483.98, 1788.00
  484.24, 1514.00
  484.51, 1586.00
  484.77, 1870.00
  485.03, 1765.00
  485.30, 1490.00
  485.56, 1597.00
  485.82, 1851.00
  486.09, 1768.00
  486.35, 1407.00
  486.61, 1574.00
  486.88, 1759.00
  487.14, 1722.00
  487.40, 1402.00
  487.67, 1620.00
  487.93, 2080.00
  488.19, 1783.00
  488.46, 1539.00
  488.72, 1814.00
  488.98, 1943.00
  489.25, 1833.00
  489.51, 1533.00
  489.77, 1610.00
  490.04, 1868.00
  490.30, 1704.00
  490.56, 1550.00
  490.83, 1746.00
  491.09, 1711.00
  491.35, 1608.00
  491.62, 1509.00
  491.88, 1564.00
  492.14, 1804.00
  492.41, 1689.00
  492.67, 1507.00
  492.93, 1593.00
  493.20, 1879.00
  493.46, 2122.00
  493.72, 1613.00
  493.98, 1544.00
  494.25, 1954.00
  494.51, 1763.00
  494.77, 1545.00
  495.04, 1458.00
  495.30, 1895.00
  495.56, 1737.00
  495.83, 1466.00
  496.09, 1436.00
  496.35, 1659.00
  496.62, 1657.00
  496.88, 1429.00
  497.14, 1536.00
  497.41, 1809.00
  497.67, 1587.00
  497.93, 1445.00
  498.19, 1774.00
  498.46, 1859.00
  498.72, 1800.00
  498.98, 1565.00
  499.25, 1558.00
  499.51, 1848.00
  499.77, 1762.00
  500.04, 1518.00
  500.30, 1497.00
  500.56, 1793.00
  500.83, 1727.00
  501.09, 1319.00
  501.35, 1462.00
  501.61, 1750.00
  501.88, 1668.00
  502.14, 1440.00
  502.40, 1600.00
  502.67, 1964.00
  502.93, 1722.00
  503.19, 1477.00
  503.45, 1560.00
  503.72, 1810.00
  503.98, 1756.00
  504.24, 1494.00
  504.51, 1525.00
  504.77, 1783.00
  505.03, 1820.00
  505.30, 1488.00
  505.56, 1472.00
  505.82, 1629.00
  506.08, 1677.00
  506.35, 1617.00
  506.61, 1745.00
  506.87, 1865.00
  507.14, 1647.00
  507.40, 1444.00
  507.66, 1574.00
  507.92, 1770.00
  508.19, 1755.00
  508.45, 1623.00
  508.71, 1504.00
  508.97, 1806.00
  509.24, 1647.00
  509.50, 1567.00
  509.76, 1606.00
  510.03, 1954.00
  510.29, 1704.00
  510.55, 1418.00
  510.81, 1646.00
  511.08, 1686.00
  511.34, 1680.00
  511.60, 1637.00
  511.86, 1666.00
  512.13, 1741.00
  512.39, 1681.00
  512.65, 1515.00
  512.92, 1511.00
  513.18, 1635.00
  513.44, 1579.00
  513.70, 1439.00
  513.97, 1562.00
  514.23, 1754.00
  514.49, 1699.00
  514.75, 1407.00
  515.02, 1604.00
  515.28, 1821.00
  515.54, 1664.00
  515.80, 1437.00
  516.07, 1493.00
  516.33, 1676.00
  516.59, 1692.00
  516.85, 1473.00
  517.12, 1668.00
  517.38, 1872.00
  517.64, 1748.00
  517.90, 1455.00
  518.17, 1624.00
  518.43, 1705.00
  518.69, 1580.00
  518.95, 1353.00
  519.22, 1644.00
  519.48, 1747.00
  519.74, 1659.00
  520.00, 1362.00
  520.27, 1426.00
  520.53, 1748.00
  520.79, 1744.00
  521.05, 1662.00
  521.32, 1825.00
  521.58, 1766.00
  521.84, 1635.00
  522.10, 1489.00
  522.37, 1691.00
  522.63, 1982.00
  522.89, 1683.00
  523.15, 1642.00
  523.42, 1750.00
  523.68, 1782.00
  523.94, 1777.00
  524.20, 1595.00
  524.47, 1720.00
  524.73, 1835.00
  524.99, 1578.00
  525.25, 1418.00
  525.51, 1592.00
  525.78, 1888.00
  526.04, 1733.00
  526.30, 1534.00
  526.56, 1611.00
  526.83, 1742.00
  527.09, 1604.00
  527.35, 1415.00
  527.61, 1387.00
  527.87, 1582.00
  528.14, 1502.00
  528.40, 1445.00
  528.66, 1760.00
  528.92, 1808.00
  529.19, 1810.00
  529.45, 1493.00
  529.71, 1382.00
  529.97, 1700.00
  530.23, 1664.00
  530.50, 1534.00
  530.76, 1658.00
  531.02, 1836.00
  531.28, 1662.00
  531.55, 1544.00
  531.81, 1766.00
  532.07, 1777.00
  532.33, 1541.00
  532.59, 1458.00
  532.86, 1413.00
  533.12, 1688.00
  533.38, 1596.00
  533.64, 1461.00
  533.90, 1573.00
  534.17, 2066.00
  534.43, 1888.00
  534.69, 1573.00
  534.95, 1614.00
  535.21, 1865.00
  535.48, 1772.00
  535.74, 1485.00
  536.00, 1767.00
  536.26, 2024.00
  536.52, 1700.00
  536.79, 1464.00
  537.05, 1500.00
  537.31, 1753.00
  537.57, 1706.00
  537.83, 1537.00
  538.10, 1437.00
  538.36, 1655.00
  538.62, 1873.00
  538.88, 1874.00
  539.14, 1856.00
  539.41, 2037.00
  539.67, 1739.00
  539.93, 1552.00
  540.19, 1665.00
  540.45, 1789.00
  540.72, 1597.00
  540.98, 1460.00
  541.24, 1644.00
  541.50, 1931.00
  541.76, 1660.00
  542.02, 1562.00
  542.29, 1561.00
  542.55, 1769.00
  542.81, 1846.00
  543.07, 1716.00
  543.33, 2021.00
  543.60, 2010.00
  543.86, 1766.00
  544.12, 1711.00
  544.38, 1490.00
  544.64, 1656.00
  544.90, 1832.00
  545.17, 1475.00
  545.43, 1551.00
  545.69, 1787.00
  545.95, 1951.00
  546.21, 1639.00
  546.47, 1614.00
  546.74, 1716.00
  547.00, 1599.00
  547.26, 1460.00
  547.52, 1645.00
  547.78, 1905.00
  548.04, 1690.00
  548.31, 1635.00
  548.57, 1675.00
  548.83, 1910.00
  549.09, 1739.00
  549.35, 1469.00
  549.61, 1547.00
  549.88, 1698.00
  550.14, 1515.00
  550.40, 1413.00
  550.66, 1484.00
  550.92, 1706.00
  551.18, 1724.00
  551.45, 1501.00
  551.71, 1479.00
  551.97, 1656.00
  552.23, 1585.00
  552.49, 1425.00
  552.75, 1595.00
  553.01, 1759.00
  553.28, 1674.00
  553.54, 1525.00
  553.80, 1658.00
  554.06, 1840.00
  554.32, 1751.00
  554.58, 1567.00
  554.85, 1647.00
  555.11, 2052.00
  555.37, 1826.00
  555.63, 1518.00
  555.89, 1499.00
  556.15, 1852.00
  556.41, 1939.00
  556.68, 1502.00
  556.94, 1370.00
  557.20, 1595.00
  557.46, 1762.00
  557.72, 1721.00
  557.98, 1616.00
  558.24, 1733.00
  558.51, 1673.00
  558.77, 1484.00
  559.03, 1546.00
  559.29, 1659.00
  559.55, 1636.00
  559.81, 1366.00
  560.07, 1521.00
  560.33, 1740.00
  560.60, 1621.00
  560.86, 1537.00
  561.12, 1483.00
  561.38, 1712.00
  561.64, 1643.00
  561.90, 1391.00
  562.16, 1528.00
  562.42, 1749.00
  562.69, 1595.00
  562.95, 1458.00
  563.21, 1525.00
  563.47, 1648.00
  563.73, 1588.00
  563.99, 1418.00
  564.25, 1622.00
  564.51, 1859.00
  564.78, 1690.00
  565.04, 1657.00
  565.30, 1551.00
  565.56, 1847.00
  565.82, 1902.00
  566.08, 1508.00
  566.34, 1597.00
  566.60, 1840.00
  566.86, 1681.00
  567.13, 1621.00
  567.39, 1619.00
  567.65, 1692.00
  567.91, 1745.00
  568.17, 1491.00
  568.43, 1747.00
  568.69, 2232.00
  568.95, 1850.00
  569.21, 1494.00
  569.48, 1728.00
  569.74, 2012.00
  570.00, 1734.00
  570.26, 1493.00
  570.52, 1685.00
  570.78, 1684.00
  571.04, 1825.00
  571.30, 1773.00
  571.56, 1632.00
  571.82, 1634.00
  572.09, 1542.00
  572.35, 1545.00
  572.61, 1771.00
  572.87, 1880.00
  573.13, 1641.00
  573.39, 1393.00
  573.65, 1599.00
  573.91, 1837.00
  574.17, 1798.00
  574.43, 1458.00
  574.69, 1652.00
  574.96, 1712.00
  575.22, 1713.00
  575.48, 1475.00
  575.74, 1481.00
  576.00, 1666.00
  576.26, 1760.00
  576.52, 1422.00
  576.78, 1496.00
  577.04, 1689.00
  577.30, 1562.00
  577.56, 1375.00
  577.82, 1524.00
  578.09, 1715.00
  578.35, 1600.00
  578.61, 1372.00
  578.87, 1543.00
  579.13, 1665.00
  579.39, 1718.00
  579.65, 1557.00
  579.91, 1490.00
  580.17, 1656.00
  580.43, 1633.00
  580.69, 1565.00
  580.95, 1668.00
  581.21, 1733.00
  581.47, 1556.00
  581.74, 1311.00
  582.00, 1478.00
  582.26, 1764.00
  582.52, 1642.00
  582.78, 1558.00
  583.04, 1690.00
  583.30, 1706.00
  583.56, 1616.00
  583.82, 1561.00
  584.08, 1669.00
  584.34, 1830.00
  584.60, 1793.00
  584.86, 1603.00
  585.12, 1536.00
  585.38, 1693.00
  585.64, 1720.00
  585.91, 1583.00
  586.17, 1654.00
  586.43, 1911.00
  586.69, 2014.00
  586.95, 1573.00
  587.21, 1460.00
  587.47, 1681.00
  587.73, 1928.00
  587.99, 1767.00
  588.25, 1906.00
  588.51, 1837.00
  588.77, 1769.00
  589.03, 1570.00
  589.29, 1464.00
  589.55, 1665.00
  589.81, 1675.00
  590.07, 1348.00
  590.33, 1557.00
  590.59, 1845.00
  590.85, 1734.00
  591.11, 1456.00
  591.37, 1617.00
  591.64, 1772.00
  591.90, 1763.00
  592.16, 1445.00
  592.42, 1501.00
  592.68, 1755.00
  592.94, 1651.00
  593.20, 1395.00
  593.46, 1467.00
  593.72, 1690.00
  593.98, 1636.00
  594.24, 1389.00
  594.50, 1503.00
  594.76, 1816.00
  595.02, 1704.00
  595.28, 1677.00
  595.54, 1731.00
  595.80, 1860.00
  596.06, 1556.00
  596.32, 1482.00
  596.58, 1594.00
  596.84, 1844.00
  597.10, 1860.00
  597.36, 1597.00
  597.62, 1672.00
  597.88, 1780.00
  598.14, 1850.00
  598.40, 1662.00
  598.66, 1706.00
  598.92, 1859.00
  599.18, 1601.00
  599.44, 1409.00
  599.70, 1704.00
  599.96, 2332.00
  600.22, 1653.00
  600.48, 1513.00
  600.74, 1586.00
  601.00, 1634.00
  601.26, 1842.00
  601.52, 1739.00
  601.78, 1657.00
  602.04, 1854.00
  602.30, 1836.00
  602.56, 1729.00
  602.82, 1727.00
  603.08, 1868.00
  603.34, 1668.00
  603.60, 1353.00
  603.86, 1532.00
  604.12, 1917.00
  604.38, 1759.00
  604.64, 1443.00
  604.90, 1587.00
  605.16, 1823.00
  605.42, 1750.00
  605.68, 1612.00
  605.94, 1611.00
  606.20, 1773.00
  606.46, 1704.00
  606.72, 1499.00
  606.98, 1425.00
  607.24, 1653.00
  607.50, 1737.00
  607.76, 1435.00
  608.02, 1495.00
  608.28, 1684.00
  608.54, 1557.00
  608.80, 1379.00
  609.06, 1497.00
  609.32, 1780.00
  609.58, 1740.00
  609.84, 1506.00
  610.10, 1513.00
  610.36, 1782.00
  610.62, 1776.00
  610.88, 1328.00
  611.14, 1341.00
  611.40, 1617.00
  611.66, 1688.00
  611.92, 1528.00
  612.18, 1481.00
  612.44, 1761.00
  612.70, 1698.00
  612.96, 1616.00
  613.22, 1557.00
  613.48, 1646.00
  613.74, 1545.00
  614.00, 1394.00
  614.26, 1495.00
  614.52, 1735.00
  614.78, 1644.00
  615.04, 1532.00
  615.30, 1653.00
  615.56, 1685.00
  615.82, 1646.00
  616.08, 1540.00
  616.34, 1576.00
  616.60, 1744.00
  616.86, 1662.00
  617.12, 1532.00
  617.37, 1464.00
  617.63, 1659.00
  617.89, 1759.00
  618.15, 1594.00
  618.41, 1478.00
  618.67, 1644.00
  618.93, 1773.00
  619.19, 1627.00
  619.45, 1576.00
  619.71, 1762.00
  619.97, 1635.00
  620.23, 1580.00
  620.49, 1633.00
  620.75, 1678.00
  621.01, 1715.00
  621.27, 1581.00
  621.53, 1648.00
  621.79, 1558.00
  622.05, 1598.00
  622.31, 1441.00
  622.57, 1406.00
  622.82, 1605.00
  623.08, 1558.00
  623.34, 1370.00
  623.60, 1428.00
  623.86, 1708.00
  624.12, 1626.00
  624.38, 1562.00
  624.64, 1576.00
  624.90, 1695.00
  625.16, 1484.00
  625.42, 1274.00
  625.68, 1426.00
  625.94, 1701.00
  626.20, 1625.00
  626.46, 1481.00
  626.72, 1668.00
  626.97, 1806.00
  627.23, 1564.00
  627.49, 1353.00
  627.75, 1427.00
  628.01, 1800.00
  628.27, 1790.00
  628.53, 1346.00
  628.79, 1533.00
  629.05, 1774.00
  629.31, 1738.00
  629.57, 1375.00
  629.83, 1410.00
  630.09, 1714.00
  630.35, 1779.00
  630.60, 1665.00
  630.86, 1885.00
  631.12, 1821.00
  631.38, 1810.00
  631.64, 1552.00
  631.90, 1833.00
  632.16, 2179.00
  632.42, 1783.00
  632.68, 1440.00
  632.94, 1635.00
  633.20, 1634.00
  633.46, 1763.00
  633.71, 1663.00
  633.97, 1639.00
  634.23, 1910.00
  634.49, 1817.00
  634.75, 1681.00
  635.01, 1721.00
  635.27, 1834.00
  635.53, 1694.00
  635.79, 1508.00
  636.05, 1499.00
  636.31, 1712.00
  636.56, 1625.00
  636.82, 1347.00
  637.08, 1370.00
  637.34, 1587.00
  637.60, 1718.00
  637.86, 1660.00
  638.12, 1763.00
  638.38, 1910.00
  638.64, 1735.00
  638.90, 1524.00
  639.15, 1520.00
  639.41, 1744.00
  639.67, 1597.00
  639.93, 1555.00
  640.19, 1553.00
  640.45, 1809.00
  640.71, 1626.00
  640.97, 1491.00
  641.23, 1597.00
  641.48, 1708.00
  641.74, 1813.00
  642.00, 1416.00
  642.26, 1424.00
  642.52, 1733.00
  642.78, 1801.00
  643.04, 1601.00
  643.30, 1648.00
  643.56, 1769.00
  643.81, 1943.00
  644.07, 1565.00
  644.33, 1499.00
  644.59, 1734.00
  644.85, 1888.00
  645.11, 1449.00
  645.37, 1518.00
  645.63, 1831.00
  645.88, 1657.00
  646.14, 1430.00
  646.40, 1508.00
  646.66, 1724.00
  646.92, 1594.00
  647.18, 1505.00
  647.44, 1697.00
  647.70, 1817.00
  647.95, 1653.00
  648.21, 1650.00
  648.47, 1859.00
  648.73, 1828.00
  648.99, 1730.00
  649.25, 1362.00
  649.51, 1504.00
  649.76, 1819.00
  650.02, 1919.00
  650.28, 1730.00
  650.54, 1769.00
  650.80, 1948.00
  651.06, 1742.00
  651.32, 1663.00
  651.57, 1745.00
  651.83, 2058.00
  652.09, 1859.00
  652.35, 1861.00
  652.61, 1906.00
  652.87, 1885.00
  653.13, 1858.00
  653.38, 1752.00
  653.64, 1655.00
  653.90, 1867.00
  654.16, 1773.00
  654.42, 1513.00
  654.68, 1412.00
  654.94, 1576.00
  655.19, 1529.00
  655.45, 1471.00
  655.71, 1461.00
  655.97, 1792.00
  656.23, 1903.00
  656.49, 1645.00
  656.74, 1686.00
  657.00, 1791.00
  657.26, 1693.00
  657.52, 1503.00
  657.78, 1511.00
  658.04, 1805.00
  658.29, 1828.00
  658.55, 1457.00
  658.81, 1555.00
  659.07, 1963.00
  659.33, 1741.00
  659.59, 1443.00
  659.84, 1525.00
  660.10, 1725.00
  660.36, 1628.00
  660.62, 1548.00
  660.88, 1571.00
  661.14, 1787.00
  661.39, 1603.00
  661.65, 1416.00
  661.91, 1512.00
  662.17, 1734.00
  662.43, 1659.00
  662.69, 1494.00
  662.94, 2005.00
  663.20, 2153.00
  663.46, 1798.00
  663.72, 1661.00
  663.98, 1634.00
  664.23, 1726.00
  664.49, 1798.00
  664.75, 1736.00
  665.01, 1695.00
  665.27, 1903.00
  665.53, 2101.00
  665.78, 1682.00
  666.04, 1674.00
  666.30, 2012.00
  666.56, 1927.00
  666.82, 1501.00
  667.07, 1555.00
  667.33, 1718.00
  667.59, 1771.00
  667.85, 1409.00
  668.11, 1496.00
  668.36, 1734.00
  668.62, 1545.00
  668.88, 1333.00
  669.14, 1488.00
  669.40, 1878.00
  669.65, 1730.00
  669.91, 1362.00
  670.17, 1576.00
  670.43, 1845.00
  670.69, 1659.00
  670.94, 1501.00
  671.20, 1612.00
  671.46, 1740.00
  671.72, 1723.00
  671.98, 1525.00
  672.23, 1513.00
  672.49, 1785.00
  672.75, 1959.00
  673.01, 1580.00
  673.27, 1526.00
  673.52, 1694.00
  673.78, 1658.00
  674.04, 1507.00
  674.30, 1624.00
  674.56, 1857.00
  674.81, 1791.00
  675.07, 1357.00
  675.33, 1577.00
  675.59, 2028.00
  675.84, 1848.00
  676.10, 1517.00
  676.36, 1596.00
  676.62, 1817.00
  676.88, 1824.00
  677.13, 1775.00
  677.39, 1501.00
  677.65, 1693.00
  677.91, 1691.00
  678.16, 1500.00
  678.42, 1463.00
  678.68, 1670.00
  678.94, 1710.00
  679.20, 1447.00
  679.45, 1435.00
  679.71, 1732.00
  679.97, 1680.00
  680.23, 1445.00
  680.48, 1592.00
  680.74, 1938.00
  681.00, 1635.00
  681.26, 1516.00
  681.51, 1607.00
  681.77, 1666.00
  682.03, 1767.00
  682.29, 1623.00
  682.54, 1554.00
  682.80, 1861.00
  683.06, 1927.00
  683.32, 1545.00
  683.58, 1547.00
  683.83, 1892.00
  684.09, 1854.00
  684.35, 1544.00
  684.61, 1638.00
  684.86, 2091.00
  685.12, 1925.00
  685.38, 1552.00
  685.64, 1626.00
  685.89, 1779.00
  686.15, 1701.00
  686.41, 1638.00
  686.67, 1623.00
  686.92, 2042.00
  687.18, 1994.00
  687.44, 1680.00
  687.70, 1514.00
  687.95, 1722.00
  688.21, 1787.00
  688.47, 1556.00
  688.72, 1502.00
  688.98, 1789.00
  689.24, 1805.00
  689.50, 1935.00
  689.75, 2002.00
  690.01, 2017.00
  690.27, 1922.00
  690.53, 1808.00
  690.78, 1973.00
  691.04, 2197.00
  691.30, 1953.00
  691.56, 1681.00
  691.81, 1822.00
  692.07, 2193.00
  692.33, 2334.00
  692.58, 2143.00
  692.84, 2349.00
  693.10, 2713.00
  693.36, 2890.00
  693.61, 2795.00
  693.87, 3157.00
  694.13, 3556.00
  694.39, 3588.00
  694.64, 3524.00
  694.90, 3677.00
  695.16, 3964.00
  695.41, 4086.00
  695.67, 4005.00
  695.93, 4392.00
  696.19, 4668.00
  696.44, 4565.00
  696.70, 4302.00
  696.96, 4667.00
  697.21, 4517.00
  697.47, 4063.00
  697.73, 3818.00
  697.99, 3670.00
  698.24, 3666.00
  698.50, 3444.00
  698.76, 2981.00
  699.01, 2917.00
  699.27, 2913.00
  699.53, 2827.00
  699.79, 2296.00
  700.04, 2298.00
  700.30, 2499.00
  700.56, 2301.00
  700.81, 1977.00
  701.07, 2172.00
  701.33, 2323.00
  701.58, 2208.00
  701.84, 1821.00
  702.10, 1845.00
  702.36, 2067.00
  702.61, 1868.00
  702.87, 1756.00
  703.13, 1747.00
  703.38, 1908.00
  703.64, 1926.00
  703.90, 1821.00
  704.15, 1826.00
  704.41, 1964.00
  704.67, 1908.00
  704.93, 1688.00
  705.18, 1815.00
  705.44, 2069.00
  705.70, 1994.00
  705.95, 1801.00
  706.21, 1911.00
  706.47, 2169.00
  706.72, 1827.00
  706.98, 1738.00
  707.24, 2198.00
  707.49, 1832.00
  707.75, 1642.00
  708.01, 1767.00
  708.26, 2033.00
  708.52, 2061.00
  708.78, 1913.00
  709.03, 1439.00
  709.29, 1589.00
  709.55, 1870.00
  709.80, 1808.00
  710.06, 1810.00
  710.32, 1816.00
  710.57, 1722.00
  710.83, 1640.00
  711.09, 1422.00
  711.34, 1601.00
  711.60, 1887.00
  711.86, 1737.00
  712.11, 1545.00
  712.37, 1603.00
  712.63, 1994.00
  712.88, 1823.00
  713.14, 1639.00
  713.40, 1581.00
  713.65, 1767.00
  713.91, 1735.00
  714.17, 1810.00
  714.42, 1834.00
  714.68, 1758.00
  714.94, 1649.00
  715.19, 1378.00
  715.45, 1692.00
  715.71, 1772.00
  715.96, 1674.00
  716.22, 1417.00
  716.48, 1666.00
  716.73, 1703.00
  716.99, 1574.00
  717.25, 1441.00
  717.50, 1684.00
  717.76, 2096.00
  718.02, 1701.00
  718.27, 1466.00
  718.53, 1590.00
  718.79, 1747.00
  719.04, 1641.00
  719.30, 1400.00
  719.55, 1588.00
  719.81, 1754.00
  720.07, 1678.00
  720.32, 1477.00
  720.58, 1746.00
  720.84, 1870.00
  721.09, 1616.00
  721.35, 1330.00
  721.61, 1554.00
  721.86, 1769.00
  722.12, 1733.00
  722.37, 1638.00
  722.63, 1847.00
  722.89, 1818.00
  723.14, 1595.00
  723.40, 1431.00
  723.66, 1468.00
  723.91, 1683.00
  724.17, 1595.00
  724.43, 1363.00
  724.68, 1501.00
  724.94, 1724.00
  725.19, 1529.00
  725.45, 1358.00
  725.71, 1560.00
  725.96, 1861.00
  726.22, 1636.00
  726.48, 1524.00
  726.73, 1510.00
  726.99, 1651.00
  727.24, 1782.00
  727.50, 1658.00
  727.76, 1552.00
  728.01, 1747.00
  728.27, 1760.00
  728.52, 1618.00
  728.78, 1669.00
  729.04, 1785.00
  729.29, 1760.00
  729.55, 1781.00
  729.81, 1685.00
  730.06, 2049.00
  730.32, 2018.00
  730.57, 1657.00
  730.83, 1548.00
  731.09, 1764.00
  731.34, 1765.00
  731.60, 1748.00
  731.85, 1443.00
  732.11, 1787.00
  732.37, 1874.00
  732.62, 1698.00
  732.88, 1699.00
  733.13, 1898.00
  733.39, 1843.00
  733.65, 1693.00
  733.90, 1765.00
  734.16, 1687.00
  734.41, 1626.00
  734.67, 1651.00
  734.93, 1975.00
  735.18, 2011.00
  735.44, 1753.00
  735.69, 1718.00
  735.95, 1670.00
  736.20, 1928.00
  736.46, 1761.00
  736.72, 1449.00
  736.97, 1429.00
  737.23, 1756.00
  737.48, 1749.00
  737.74, 1590.00
  738.00, 1548.00
  738.25, 1861.00
  738.51, 1760.00
  738.76, 1410.00
  739.02, 1491.00
  739.27, 1771.00
  739.53, 1625.00
  739.79, 1287.00
  740.04, 1431.00
  740.30, 1717.00
  740.55, 1632.00
  740.81, 1482.00
  741.07, 1481.00
  741.32, 1564.00
  741.58, 1618.00
  741.83, 1542.00
  742.09, 1510.00
  742.34, 1853.00
  742.60, 1917.00
  742.86, 1628.00
  743.11, 1703.00
  743.37, 1681.00
  743.62, 1715.00
  743.88, 1451.00
  744.13, 1585.00
  744.39, 1787.00
  744.64, 1676.00
  744.90, 1485.00
  745.16, 1673.00
  745.41, 1813.00
  745.67, 1809.00
  745.92, 1729.00
  746.18, 1644.00
  746.43, 1642.00
  746.69, 1604.00
  746.94, 1649.00
  747.20, 1883.00
  747.46, 1718.00
  747.71, 1628.00
  747.97, 1485.00
  748.22, 1746.00
  748.48, 2100.00
  748.73, 1797.00
  748.99, 1521.00
  749.24, 1654.00
  749.50, 1976.00
  749.76, 1753.00
  750.01, 1537.00
  750.27, 1865.00
  750.52, 2138.00
  750.78, 1638.00
  751.03, 1437.00
  751.29, 1534.00
  751.54, 1794.00
  751.80, 1837.00
  752.05, 1426.00
  752.31, 1500.00
  752.56, 1723.00
  752.82, 1641.00
  753.08, 1514.00
  753.33, 1608.00
  753.59, 1724.00
  753.84, 1705.00
  754.10, 1513.00
  754.35, 1540.00
  754.61, 1680.00
  754.86, 1637.00
  755.12, 1575.00
  755.37, 1722.00
  755.63, 1836.00
  755.88, 1589.00
  756.14, 1446.00
  756.39, 1536.00
  756.65, 1740.00
  756.90, 1706.00
  757.16, 1668.00
  757.41, 1808.00
  757.67, 1701.00
  757.92, 1667.00
  758.18, 1519.00
  758.44, 1568.00
  758.69, 1829.00
  758.95, 1672.00
  759.20, 1517.00
  759.46, 1630.00
  759.71, 1783.00
  759.97, 1773.00
  760.22, 1493.00
  760.48, 1549.00
  760.73, 1712.00
  760.99, 1742.00
  761.24, 1625.00
  761.50, 1648.00
  761.75, 1759.00
  762.01, 1896.00
  762.26, 1416.00
  762.52, 1497.00
  762.77, 1996.00
  763.03, 2179.00
  763.28, 1469.00
  763.54, 1610.00
  763.79, 1906.00
  764.05, 1585.00
  764.30, 1416.00
  764.56, 1593.00
  764.81, 1966.00
  765.07, 1706.00
  765.32, 1434.00
  765.58, 1733.00
  765.83, 1780.00
  766.09, 1709.00
  766.34, 1787.00
  766.60, 1876.00
  766.85, 1921.00
  767.11, 1845.00
  767.36, 1498.00
  767.62, 1521.00
  767.87, 1795.00
  768.13, 1676.00
  768.38, 1542.00
  768.63, 1641.00
  768.89, 1834.00
  769.14, 1773.00
  769.40, 1400.00
  769.65, 1530.00
  769.91, 1881.00
  770.16, 1664.00
  770.42, 1335.00
  770.67, 1536.00
  770.93, 1853.00
  771.18, 1951.00
  771.44, 1453.00
  771.69, 1612.00
  771.95, 1815.00
  772.20, 1874.00
  772.46, 1408.00
  772.71, 1555.00
  772.97, 1806.00
  773.22, 1675.00
  773.47, 1625.00
  773.73, 1596.00
  773.98, 1834.00
  774.24, 1791.00
  774.49, 1476.00
  774.75, 1477.00
  775.00, 1704.00
  775.26, 1603.00
  775.51, 1340.00
  775.77, 1564.00
  776.02, 1940.00
  776.28, 1995.00
  776.53, 1560.00
  776.78, 1518.00
  777.04, 1721.00
  777.29, 1763.00
  777.55, 1563.00
  777.80, 1775.00
  778.06, 1742.00
  778.31, 1730.00
  778.57, 1674.00
  778.82, 1643.00
  779.08, 1886.00
  779.33, 1857.00
  779.58, 1559.00
  779.84, 1512.00
  780.09, 1790.00
  780.35, 1736.00
  780.60, 1424.00
  780.86, 1546.00
  781.11, 1642.00
  781.37, 1585.00
  781.62, 1530.00
  781.87, 1823.00
  782.13, 2113.00
  782.38, 1776.00
  782.64, 1590.00
  782.89, 1678.00
  783.15, 1936.00
  783.40, 1751.00
  783.65, 1568.00
  783.91, 1739.00
  784.16, 1987.00
  784.42, 1772.00
  784.67, 1604.00
  784.93, 1650.00
  785.18, 1969.00
  785.43, 1831.00
  785.69, 1578.00
  785.94, 1617.00
  786.20, 1690.00
  786.45, 1763.00
  786.71, 1808.00
  786.96, 1733.00
  787.21, 1796.00
  787.47, 1673.00
  787.72, 1403.00
  787.98, 1633.00
  788.23, 1779.00
  788.49, 1639.00
  788.74, 1592.00
  788.99, 1697.00
  789.25, 1833.00
  789.50, 1756.00
  789.76, 1511.00
  790.01, 1733.00
  790.26, 1889.00
  790.52, 1777.00
  790.77, 1528.00
  791.03, 1450.00
  791.28, 1677.00
  791.53, 1758.00
  791.79, 1532.00
  792.04, 1544.00
  792.30, 1749.00
  792.55, 1666.00
  792.80, 1407.00
  793.06, 1580.00
  793.31, 1743.00
  793.57, 1720.00
  793.82, 1618.00
  794.07, 1665.00
  794.33, 2020.00
  794.58, 1867.00
  794.84, 1664.00
  795.09, 1667.00
  795.34, 2009.00
  795.60, 1507.00
  795.85, 1438.00
  796.11, 1656.00
  796.36, 1751.00
  796.61, 1698.00
  796.87, 1398.00
  797.12, 1520.00
  797.38, 1979.00
  797.63, 1938.00
  797.88, 1821.00
  798.14, 1476.00
  798.39, 1616.00
  798.64, 1690.00
  798.90, 1442.00
  799.15, 1558.00
  799.41, 2004.00
  799.66, 2043.00
  799.91, 1495.00
  800.17, 1640.00
  800.42, 1725.00
  800.67, 1685.00
  800.93, 1623.00
  801.18, 1876.00
  801.44, 2003.00
  801.69, 1873.00
  801.94, 1696.00
  802.20, 1625.00
  802.45, 1789.00
  802.70, 1865.00
  802.96, 1685.00
  803.21, 1757.00
  803.47, 1954.00
  803.72, 1763.00
  803.97, 1606.00
  804.23, 1906.00
  804.48, 1844.00
  804.73, 1681.00
  804.99, 1519.00
  805.24, 1647.00
  805.49, 1912.00
  805.75, 1740.00
  806.00, 1576.00
  806.26, 1586.00
  806.51, 1724.00
  806.76, 1603.00
  807.02, 1390.00
  807.27, 1716.00
  807.52, 1828.00
  807.78, 1736.00
  808.03, 1597.00
  808.28, 1752.00
  808.54, 1753.00
  808.79, 1676.00
  809.04, 1586.00
  809.30, 1961.00
  809.55, 2325.00
  809.80, 1674.00
  810.06, 1542.00
  810.31, 1900.00
  810.56, 1979.00
  810.82, 1666.00
  811.07, 1569.00
  811.32, 1648.00
  811.58, 1725.00
  811.83, 1592.00
  812.08, 1566.00
  812.34, 1776.00
  812.59, 1749.00
  812.84, 1599.00
  813.10, 1424.00
  813.35, 1659.00
  813.60, 1654.00
  813.86, 1749.00
  814.11, 1911.00
  814.36, 1815.00
  814.62, 1929.00
  814.87, 1713.00
  815.12, 1549.00
  815.38, 1560.00
  815.63, 1762.00
  815.88, 1708.00
  816.14, 1623.00
  816.39, 1664.00
  816.64, 1864.00
  816.90, 1645.00
  817.15, 1399.00
  817.40, 1494.00
  817.66, 1873.00
  817.91, 1663.00
  818.16, 1408.00
  818.42, 1658.00
  818.67, 1823.00
  818.92, 1693.00
  819.18, 1516.00
  819.43, 1641.00
  819.68, 1867.00
  819.93, 1709.00
  820.19, 1346.00
  820.44, 1479.00
  820.69, 1880.00
  820.95, 2029.00
  821.20, 1590.00
  821.45, 1742.00
  821.71, 1925.00
  821.96, 1825.00
  822.21, 1450.00
  822.47, 1531.00
  822.72, 1791.00
  822.97, 1839.00
  823.22, 1755.00
  823.48, 1606.00
  823.73, 1527.00
  823.98, 1568.00
  824.24, 1550.00
  824.49, 1605.00
  824.74, 1849.00
  824.99, 1933.00
  825.25, 1537.00
  825.50, 1642.00
  825.75, 1783.00
  826.01, 1531.00
  826.26, 1494.00
  826.51, 1870.00
  826.77, 1952.00
  827.02, 1843.00
  827.27, 1618.00
  827.52, 1507.00
  827.78, 1749.00
  828.03, 1765.00
  828.28, 1702.00
  828.53, 1769.00
  828.79, 1800.00
  829.04, 1687.00
  829.29, 1522.00
  829.55, 1549.00
  829.80, 1759.00
  830.05, 1879.00
  830.30, 1528.00
  830.56, 1505.00
  830.81, 1724.00
  831.06, 1661.00
  831.32, 1453.00
  831.57, 1658.00
  831.82, 1779.00
  832.07, 1703.00
  832.33, 1509.00
  832.58, 1513.00
  832.83, 1812.00
  833.08, 1689.00
  833.34, 1486.00
  833.59, 1810.00
  833.84, 1899.00
  834.09, 1569.00
  834.35, 1511.00
  834.60, 1698.00
  834.85, 1789.00
  835.10, 1669.00
  835.36, 1515.00
  835.61, 1517.00
  835.86, 1773.00
  836.11, 1720.00
  836.37, 1497.00
  836.62, 1563.00
  836.87, 2038.00
  837.12, 1762.00
  837.38, 1543.00
  837.63, 1734.00
  837.88, 2012.00
  838.13, 1766.00
  838.39, 1521.00
  838.64, 1865.00
  838.89, 1961.00
  839.14, 1832.00
  839.40, 1359.00
  839.65, 1466.00
  839.90, 1654.00
  840.15, 1709.00
  840.41, 1414.00
  840.66, 1671.00
  840.91, 1859.00
  841.16, 1865.00
  841.42, 1433.00
  841.67, 1587.00
  841.92, 1852.00
  842.17, 1780.00
  842.43, 1487.00
  842.68, 1508.00
  842.93, 1667.00
  843.18, 1616.00
  843.43, 1389.00
  843.69, 1567.00
  843.94, 1746.00
  844.19, 1649.00
  844.44, 1555.00
  844.70, 1448.00
  844.95, 1608.00
  845.20, 1653.00
  845.45, 1599.00
  845.70, 1596.00
  845.96, 1857.00
  846.21, 1830.00
  846.46, 1487.00
  846.71, 1454.00
  846.97, 1884.00
  847.22, 1818.00
  847.47, 1584.00
  847.72, 1728.00
  847.97, 1795.00
  848.23, 1707.00
  848.48, 1445.00
  848.73, 1428.00
  848.98, 1652.00
  849.23, 1664.00
  849.49, 1582.00
  849.74, 1645.00
  849.99, 1724.00
  850.24, 1592.00
  850.50, 1484.00
  850.75, 1652.00
  851.00, 1683.00
  851.25, 1726.00
  851.50, 1507.00
  851.76, 1506.00
  852.01, 1620.00
  852.26, 1591.00
  852.51, 1580.00
  852.76, 1733.00
  853.02, 1878.00
  853.27, 1731.00
  853.52, 1579.00
  853.77, 1582.00
  854.02, 1937.00
  854.27, 1832.00
  854.53, 1410.00
  854.78, 1390.00
  855.03, 1551.00
  855.28, 1658.00
  855.53, 1797.00
  855.79, 1622.00
  856.04, 1774.00
  856.29, 1704.00
  856.54, 1380.00
  856.79, 1444.00
  857.05, 1747.00
  857.30, 1749.00
  857.55, 1651.00
  857.80, 1587.00
  858.05, 1763.00
  858.30, 1616.00
  858.56, 1490.00
  858.81, 1566.00
  859.06, 1882.00
  859.31, 1567.00
  859.56, 1460.00
  859.81, 1589.00
  860.07, 1597.00
  860.32, 1555.00
  860.57, 1486.00
  860.82, 1661.00
  861.07, 2081.00
  861.32, 1778.00
  861.58, 1490.00
  861.83, 1537.00
  862.08, 1679.00
  862.33, 1687.00
  862.58, 1649.00
  862.83, 1749.00
  863.09, 1766.00
  863.34, 1859.00
  863.59, 1676.00
  863.84, 1500.00
  864.09, 1901.00
  864.34, 1930.00
  864.60, 1522.00
  864.85, 1390.00
  865.10, 1849.00
  865.35, 1976.00
  865.60, 1530.00
  865.85, 1543.00
  866.10, 1807.00
  866.36, 1673.00
  866.61, 1474.00
  866.86, 1436.00
  867.11, 1768.00
  867.36, 1809.00
  867.61, 1604.00
  867.86, 1568.00
  868.12, 1705.00
  868.37, 1699.00
  868.62, 1431.00
  868.87, 1490.00
  869.12, 1729.00
  869.37, 1639.00
  869.62, 1381.00
  869.88, 1570.00
  870.13, 1957.00
  870.38, 1757.00
  870.63, 1467.00
  870.88, 1630.00
  871.13, 1794.00
  871.38, 1779.00
  871.64, 1527.00
  871.89, 1427.00
  872.14, 1715.00
  872.39, 1905.00
  872.64, 1548.00
  872.89, 1522.00
  873.14, 1793.00
  873.39, 1754.00
  873.65, 1648.00
  873.90, 1823.00
  874.15, 1741.00
  874.40, 1689.00
  874.65, 1534.00
  874.90, 1648.00
  875.15, 1697.00
  875.40, 1534.00
  875.65, 1329.00
  875.91, 1456.00
  876.16, 1746.00
  876.41, 1680.00
  876.66, 1651.00
  876.91, 1749.00
  877.16, 1749.00
  877.41, 1631.00
  877.66, 1702.00
  877.91, 1901.00
  878.17, 2031.00
  878.42, 1671.00
  878.67, 1582.00
  878.92, 1713.00
  879.17, 1832.00
  879.42, 1708.00
  879.67, 1534.00
  879.92, 1563.00
  880.17, 1931.00
  880.43, 1758.00
  880.68, 1375.00
  880.93, 1558.00
  881.18, 1681.00
  881.43, 1689.00
  881.68, 1535.00
  881.93, 1610.00
  882.18, 1787.00
  882.43, 1644.00
  882.68, 1434.00
  882.93, 1464.00
  883.19, 1897.00
  883.44, 1960.00
  883.69, 1688.00
  883.94, 1644.00
  884.19, 1604.00
  884.44, 1625.00
  884.69, 1531.00
  884.94, 1453.00
  885.19, 1670.00
  885.44, 1782.00
  885.69, 1515.00
  885.94, 1660.00
  886.20, 2019.00
  886.45, 1845.00
  886.70, 1501.00
  886.95, 1602.00
  887.20, 1889.00
  887.45, 1780.00
  887.70, 1600.00
  887.95, 1524.00
  888.20, 1789.00
  888.45, 1820.00
  888.70, 1628.00
  888.95, 1733.00
  889.20, 1911.00
  889.45, 1716.00
  889.71, 1545.00
  889.96, 1658.00
  890.21, 1738.00
  890.46, 1665.00
  890.71, 1609.00
  890.96, 1667.00
  891.21, 2014.00
  891.46, 1845.00
  891.71, 1769.00
  891.96, 1621.00
  892.21, 1756.00
  892.46, 1855.00
  892.71, 1351.00
  892.96, 1442.00
  893.21, 1715.00
  893.46, 1594.00
  893.71, 1438.00
  893.97, 1503.00
  894.22, 1715.00
  894.47, 1601.00
  894.72, 1346.00
  894.97, 1573.00
  895.22, 1803.00
  895.47, 1852.00
  895.72, 1577.00
  895.97, 1543.00
  896.22, 1866.00
  896.47, 1781.00
  896.72, 1439.00
  896.97, 1737.00
  897.22, 2025.00
  897.47, 1737.00
  897.72, 1576.00
  897.97, 1641.00
  898.22, 1769.00
  898.47, 1826.00
  898.72, 1862.00
  898.97, 1599.00
  899.22, 1734.00
  899.47, 1776.00
  899.72, 1514.00
  899.97, 1444.00
  900.22, 1826.00
  900.48, 1706.00
  900.73, 1579.00
  900.98, 1735.00
  901.23, 1730.00
  901.48, 1632.00
  901.73, 1549.00
  901.98, 1723.00
  902.23, 1857.00
  902.48, 1792.00
  902.73, 1549.00
  902.98, 2160.00
  903.23, 2940.00
  903.48, 1758.00
  903.73, 1320.00
  903.98, 1573.00
  904.23, 1900.00
  904.48, 1633.00
  904.73, 1560.00
  904.98, 1679.00
  905.23, 1859.00
  905.48, 1604.00
  905.73, 1499.00
  905.98, 1598.00
  906.23, 1773.00
  906.48, 1761.00
  906.73, 1685.00
  906.98, 1542.00
  907.23, 1573.00
  907.48, 1480.00
  907.73, 1419.00
  907.98, 1483.00
  908.23, 1808.00
  908.48, 1851.00
  908.73, 1460.00
  908.98, 1463.00
  909.23, 1805.00
  909.48, 1760.00
  909.73, 1427.00
  909.98, 1484.00
  910.23, 1683.00
  910.48, 1474.00
  910.73, 1339.00
  910.98, 1492.00
  911.23, 1625.00
  911.48, 1572.00
  911.73, 1516.00
  911.98, 1678.00
  912.23, 1713.00
  912.48, 1582.00
  912.73, 1353.00
  912.98, 1577.00
  913.23, 1817.00
  913.48, 1722.00
  913.73, 1498.00
  913.98, 1486.00
  914.23, 1703.00
  914.48, 1650.00
  914.73, 1530.00
  914.98, 1672.00
  915.23, 1761.00
  915.47, 1850.00
  915.72, 1608.00
  915.97, 1470.00
  916.22, 1600.00
  916.47, 1699.00
  916.72, 1608.00
  916.97, 1529.00
  917.22, 1624.00
  917.47, 1717.00
  917.72, 1703.00
  917.97, 1739.00
  918.22, 1734.00
  918.47, 1640.00
  918.72, 1594.00
  918.97, 1831.00
  919.22, 1799.00
  919.47, 1686.00
  919.72, 1476.00
  919.97, 1593.00
  920.22, 1825.00
  920.47, 1746.00
  920.72, 1603.00
  920.97, 1573.00
  921.22, 1784.00
  921.47, 1645.00
  921.72, 1553.00
  921.96, 1855.00
  922.21, 1969.00
  922.46, 1699.00
  922.71, 1309.00
  922.96, 1464.00
  923.21, 1791.00
  923.46, 1748.00
  923.71, 1540.00
  923.96, 1534.00
  924.21, 1680.00
  924.46, 1618.00
  924.71, 1538.00
  924.96, 1439.00
  925.21, 1513.00
  925.46, 1636.00
  925.71, 1694.00
  925.96, 1654.00
  926.20, 1900.00
  926.45, 1669.00
  926.70, 1374.00
  926.95, 1505.00
  927.20, 1690.00
  927.45, 1643.00
  927.70, 1409.00
  927.95, 1473.00
  928.20, 1719.00
  928.45, 1604.00
  928.70, 1376.00
  928.95, 1521.00
  929.20, 1709.00
  929.45, 1632.00
  929.69, 1430.00
  929.94, 1619.00
  930.19, 1812.00
  930.44, 1816.00
  930.69, 1645.00
  930.94, 1915.00
  931.19, 1728.00
  931.44, 1657.00
  931.69, 1652.00
  931.94, 1721.00
  932.19, 1610.00
  932.44, 1681.00
  932.68, 1490.00
  932.93, 1540.00
  933.18, 1886.00
  933.43, 1779.00
  933.68, 1574.00
  933.93, 1650.00
  934.18, 1782.00
  934.43, 1717.00
  934.68, 1360.00
  934.93, 1385.00
  935.17, 1653.00
  935.42, 1728.00
  935.67, 1507.00
  935.92, 1426.00
  936.17, 1747.00
  936.42, 1759.00
  936.67, 1723.00
  936.92, 1634.00
  937.17, 1716.00
  937.42, 1654.00
  937.66, 1483.00
  937.91, 1659.00
  938.16, 1875.00
  938.41, 1659.00
  938.66, 1430.00
  938.91, 1587.00
  939.16, 1626.00
  939.41, 1520.00
  939.66, 1483.00
  939.90, 1649.00
  940.15, 1829.00
  940.40, 1797.00
  940.65, 1529.00
  940.90, 1597.00
  941.15, 1922.00
  941.40, 2005.00
  941.65, 1797.00
  941.89, 1573.00
  942.14, 1869.00
  942.39, 1879.00
  942.64, 1655.00
  942.89, 1555.00
  943.14, 1811.00
  943.39, 1742.00
  943.64, 1451.00
  943.88, 1378.00
  944.13, 1585.00
  944.38, 1668.00
  944.63, 1436.00
  944.88, 1597.00
  945.13, 2027.00
  945.38, 2038.00
  945.63, 1658.00
  945.87, 1750.00
  946.12, 1800.00
  946.37, 2056.00
  946.62, 1892.00
  946.87, 1612.00
  947.12, 1654.00
  947.37, 1720.00
  947.61, 1653.00
  947.86, 1608.00
  948.11, 2412.00
  948.36, 3358.00
  948.61, 1629.00
  948.86, 1447.00
  949.10, 1610.00
  949.35, 1681.00
  949.60, 1576.00
  949.85, 1655.00
  950.10, 1882.00
  950.35, 1719.00
  950.60, 1584.00
  950.84, 1767.00
  951.09, 1756.00
  951.34, 1764.00
  951.59, 1662.00
  951.84, 1770.00
  952.09, 1813.00
  952.33, 1652.00
  952.58, 1496.00
  952.83, 1704.00
  953.08, 2079.00
  953.33, 1722.00
  953.58, 1513.00
  953.82, 1626.00
  954.07, 2140.00
  954.32, 2334.00
  954.57, 1750.00
  954.82, 1670.00
  955.07, 1762.00
  955.31, 1925.00
  955.56, 1536.00
  955.81, 1712.00
  956.06, 1760.00
  956.31, 1698.00
  956.56, 1452.00
  956.80, 1602.00
  957.05, 1771.00
  957.30, 1738.00
  957.55, 1496.00
  957.80, 1517.00
  958.04, 1786.00
  958.29, 1918.00
  958.54, 1608.00
  958.79, 1553.00
  959.04, 1677.00
  959.29, 1823.00
  959.53, 1797.00
  959.78, 1763.00
  960.03, 1665.00
  960.28, 1702.00
  960.53, 1569.00
  960.77, 1600.00
  961.02, 1946.00
  961.27, 1874.00
  961.52, 1605.00
  961.77, 1633.00
  962.01, 1742.00
  962.26, 1755.00
  962.51, 1433.00
  962.76, 1635.00
  963.01, 1841.00
  963.25, 1758.00
  963.50, 1692.00
  963.75, 1753.00
  964.00, 2000.00
  964.25, 2002.00
  964.49, 1626.00
  964.74, 1469.00
  964.99, 1801.00
  965.24, 1720.00
  965.49, 1540.00
  965.73, 1599.00
  965.98, 1674.00
  966.23, 1665.00
  966.48, 1604.00
  966.72, 1697.00
  966.97, 2013.00
  967.22, 1845.00
  967.47, 1733.00
  967.72, 1568.00
  967.96, 1639.00
  968.21, 1703.00
  968.46, 1620.00
  968.71, 1518.00
  968.95, 1829.00
  969.20, 1642.00
  969.45, 1469.00
  969.70, 1486.00
  969.95, 1833.00
  970.19, 1798.00
  970.44, 1386.00
  970.69, 1498.00
  970.94, 1803.00
  971.18, 1772.00
  971.43, 1596.00
  971.68, 1603.00
  971.93, 1632.00
  972.17, 1772.00
  972.42, 1694.00
  972.67, 1634.00
  972.92, 1748.00
  973.17, 1685.00
  973.41, 1654.00
  973.66, 1776.00
  973.91, 1707.00
  974.16, 1691.00
  974.40, 1416.00
  974.65, 1628.00
  974.90, 1886.00
  975.15, 1791.00
  975.39, 1651.00
  975.64, 1744.00
  975.89, 1961.00
  976.14, 1938.00
  976.38, 1578.00
  976.63, 1689.00
  976.88, 1802.00
  977.13, 1811.00
  977.37, 1634.00
  977.62, 1633.00
  977.87, 1957.00
  978.12, 1936.00
  978.36, 1526.00
  978.61, 1596.00
  978.86, 1763.00
  979.10, 1743.00
  979.35, 1784.00
  979.60, 1693.00
  979.85, 1784.00
  980.09, 1620.00
  980.34, 1469.00
  980.59, 1507.00
  980.84, 1764.00
  981.08, 1767.00
  981.33, 1566.00
  981.58, 1620.00
  981.83, 1757.00
  982.07, 1549.00
  982.32, 1456.00
  982.57, 1441.00
  982.81, 1675.00
  983.06, 1482.00
  983.31, 1477.00
  983.56, 1491.00
  983.80, 1700.00
  984.05, 1744.00
  984.30, 1574.00
  984.54, 1605.00
  984.79, 1796.00
  985.04, 1712.00
  985.29, 1559.00
  985.53, 1633.00
  985.78, 1864.00
  986.03, 1765.00
  986.27, 1536.00
  986.52, 1597.00
  986.77, 1860.00
  987.02, 1666.00
  987.26, 1481.00
  987.51, 1734.00
  987.76, 1905.00
  988.00, 1860.00
  988.25, 1460.00
  988.50, 1628.00
  988.75, 1860.00
  988.99, 1678.00
  989.24, 1412.00
  989.49, 1523.00
  989.73, 1755.00
  989.98, 1740.00
  990.23, 1758.00
  990.47, 1668.00
  990.72, 1836.00
  990.97, 1683.00
  991.21, 1687.00
  991.46, 1722.00
  991.71, 1676.00
  991.96, 1617.00
  992.20, 1626.00
  992.45, 1624.00
  992.70, 1778.00
  992.94, 1660.00
  993.19, 1500.00
  993.44, 1655.00
  993.68, 1982.00
  993.93, 1805.00
  994.18, 1784.00
  994.42, 1668.00
  994.67, 2041.00
  994.92, 1886.00
  995.16, 1590.00
  995.41, 1514.00
  995.66, 1567.00
  995.90, 1588.00
  996.15, 1767.00
  996.40, 1772.00
  996.64, 1666.00
  996.89, 1721.00
  997.14, 1648.00
  997.38, 1563.00
  997.63, 1821.00
  997.88, 1651.00
  998.12, 1481.00
  998.37, 1666.00
  998.62, 1865.00
  998.86, 1996.00
  999.11, 1618.00
  999.36, 1672.00
  999.60, 1766.00
  999.85, 1545.00
 1000.10, 1396.00
 1000.34, 1394.00
 1000.59, 1668.00
 1000.84, 1717.00
 1001.08, 1538.00
 1001.33, 1619.00
 1001.58, 1732.00
 1001.82, 1660.00
 1002.07, 1613.00
 1002.32, 1664.00
 1002.56, 1783.00
 1002.81, 1699.00
 1003.06, 1480.00
 1003.30, 1545.00
 1003.55, 1750.00
 1003.80, 1762.00
 1004.04, 1512.00
 1004.29, 1685.00
 1004.53, 1913.00
 1004.78, 1897.00
 1005.03, 1691.00
 1005.27, 1591.00
 1005.52, 1941.00
 1005.77, 1818.00
 1006.01, 1621.00
 1006.26, 1828.00
 1006.51, 1939.00
 1006.75, 1736.00
 1007.00, 1379.00
 1007.24, 1414.00
 1007.49, 1707.00
 1007.74, 1630.00
 1007.98, 1433.00
 1008.23, 1625.00
 1008.48, 1776.00
 1008.72, 1770.00
 1008.97, 1631.00
 1009.21, 1585.00
 1009.46, 1858.00
 1009.71, 1948.00
 1009.95, 1718.00
 1010.20, 1545.00
 1010.45, 1753.00
 1010.69, 1670.00
 1010.94, 1453.00
 1011.18, 1513.00
 1011.43, 1688.00
 1011.68, 1681.00
 1011.92, 1661.00
 1012.17, 1769.00
 1012.41, 1728.00
 1012.66, 1641.00
 1012.91, 1442.00
 1013.15, 1573.00
 1013.40, 1876.00
 1013.65, 1780.00
 1013.89, 1521.00
 1014.14, 1457.00
 1014.38, 1646.00
 1014.63, 1632.00
 1014.88, 1446.00
 1015.12, 1483.00
 1015.37, 1688.00
 1015.61, 1762.00
 1015.86, 1536.00
 1016.11, 1727.00
 1016.35, 1777.00
 1016.60, 1670.00
 1016.84, 1638.00
 1017.09, 1619.00
 1017.33, 1874.00
 1017.58, 1789.00
 1017.83, 1593.00
 1018.07, 1623.00
 1018.32, 1817.00
 1018.56, 1605.00
 1018.81, 1421.00
 1019.06, 1532.00
 1019.30, 1729.00
 1019.55, 1674.00
 1019.79, 1589.00
 1020.04, 1922.00
 1020.29, 1925.00
 1020.53, 1612.00
 1020.78, 1456.00
 1021.02, 1594.00
 1021.27, 1716.00
 1021.51, 1652.00
 1021.76, 1532.00
 1022.01, 1593.00
 1022.25, 1843.00
 1022.50, 1785.00
 1022.74, 1523.00
 1022.99, 1571.00
 1023.23, 1838.00
 1023.48, 1918.00
 1023.73, 1739.00
 1023.97, 1623.00
 1024.22, 1744.00
 1024.46, 1565.00
 1024.71, 1381.00
 1024.95, 1529.00
 1025.20, 1667.00
 1025.44, 1578.00
 1025.69, 1601.00
 1025.94, 1602.00
 1026.18, 1662.00
 1026.43, 1714.00
 1026.67, 1453.00
 1026.92, 1758.00
 1027.16, 1938.00
 1027.41, 1566.00
 1027.65, 1436.00
 1027.90, 1653.00
 1028.15, 1721.00
 1028.39, 1565.00
 1028.64, 1364.00
 1028.88, 1599.00
 1029.13, 1910.00
 1029.37, 1686.00
 1029.62, 1297.00
 1029.86, 1491.00
 1030.11, 1773.00
 1030.35, 1716.00
 1030.60, 1642.00
 1030.85, 1588.00
 1031.09, 1654.00
 1031.34, 1680.00
 1031.58, 1786.00
 1031.83, 1869.00
 1032.07, 1622.00
 1032.32, 1596.00
 1032.56, 1421.00
 1032.81, 1550.00
 1033.05, 1864.00
 1033.30, 1730.00
 1033.54, 1436.00
 1033.79, 1691.00
 1034.03, 1950.00
 1034.28, 1879.00
 1034.53, 1665.00
 1034.77, 1724.00
 1035.02, 1875.00
 1035.26, 1736.00
 1035.51, 1557.00
 1035.75, 1736.00
 1036.00, 1887.00
 1036.24, 1942.00
 1036.49, 1620.00
 1036.73, 1681.00
 1036.98, 1838.00
 1037.22, 1826.00
 1037.47, 1689.00
 1037.71, 1639.00
 1037.96, 1830.00
 1038.20, 1718.00
 1038.45, 1538.00
 1038.69, 1578.00
 1038.94, 1699.00
 1039.18, 1709.00
 1039.43, 1597.00
 1039.67, 1576.00
 1039.92, 1754.00
 1040.16, 1872.00
 1040.41, 1526.00
 1040.65, 1451.00
 1040.90, 1852.00
 1041.14, 1796.00
 1041.39, 1536.00
 1041.63, 1578.00
 1041.88, 1861.00
 1042.12, 1924.00
 1042.37, 1614.00
 1042.61, 1549.00
 1042.86, 1668.00
 1043.10, 1481.00
 1043.35, 1590.00
 1043.59, 2234.00
 1043.84, 2073.00
 1044.08, 1853.00
 1044.33, 1446.00
 1044.57, 1741.00
 1044.82, 2008.00
 1045.06, 1693.00
 1045.31, 1594.00
 1045.55, 1519.00
 1045.80, 1685.00
 1046.04, 1729.00
 1046.29, 1534.00
 1046.53, 1443.00
 1046.78, 1729.00
 1047.02, 1820.00
 1047.27, 1569.00
 1047.51, 1749.00
 1047.75, 1907.00
 1048.00, 1714.00
 1048.24, 1673.00
 1048.49, 1899.00
 1048.73, 1843.00
 1048.98, 1736.00
 1049.22, 1498.00
 1049.47, 1540.00
 1049.71, 1780.00
 1049.96, 1666.00
 1050.20, 1375.00
 1050.45, 1433.00
 1050.69, 1701.00
 1050.94, 1738.00
 1051.18, 1461.00
 1051.42, 1552.00
 1051.67, 1716.00
 1051.91, 1699.00
 1052.16, 1637.00
 1052.40, 1740.00
 1052.65, 1765.00
 1052.89, 1546.00
 1053.14, 1465.00
 1053.38, 1676.00
 1053.63, 1732.00
 1053.87, 1769.00
 1054.11, 1404.00
 1054.36, 1405.00
 1054.60, 3479.00
 1054.85, 5768.00
 1055.09, 1994.00
 1055.34, 1785.00
 1055.58, 1793.00
 1055.83, 1846.00
 1056.07, 1565.00
 1056.31, 1656.00
 1056.56, 1870.00
 1056.80, 1805.00
 1057.05, 1522.00
 1057.29, 1602.00
 1057.54, 1850.00
 1057.78, 1882.00
 1058.02, 1656.00
 1058.27, 1949.00
 1058.51, 1891.00
 1058.76, 1712.00
 1059.00, 1496.00
 1059.25, 1462.00
 1059.49, 1729.00
 1059.74, 1687.00
 1059.98, 1633.00
 1060.22, 1856.00
 1060.47, 1759.00
 1060.71, 1674.00
 1060.96, 1460.00
 1061.20, 1617.00
 1061.44, 1776.00
 1061.69, 2967.00
 1061.93, 4330.00
 1062.18, 1889.00
 1062.42, 1799.00
 1062.67, 1614.00
 1062.91, 1400.00
 1063.15, 1476.00
 1063.40, 1821.00
 1063.64, 1650.00
 1063.89, 1497.00
 1064.13, 1616.00
 1064.37, 1758.00
 1064.62, 1695.00
 1064.86, 1625.00
 1065.11, 1525.00
 1065.35, 1701.00
 1065.59, 1920.00
 1065.84, 1756.00
 1066.08, 1805.00
 1066.33, 1934.00
 1066.57, 1781.00
 1066.81, 1741.00
 1067.06, 1620.00
 1067.30, 1866.00
 1067.55, 1748.00
 1067.79, 1516.00
 1068.03, 1447.00
 1068.28, 1638.00
 1068.52, 1748.00
 1068.77, 1805.00
 1069.01, 1708.00
 1069.25, 2113.00
 1069.50, 1816.00
 1069.74, 1351.00
 1069.99, 1582.00
 1070.23, 1900.00
 1070.47, 1619.00
 1070.72, 1434.00
 1070.96, 1536.00
 1071.20, 1688.00
 1071.45, 1785.00
 1071.69, 1652.00
 1071.94, 1473.00
 1072.18, 1790.00
 1072.42, 1785.00
 1072.67, 1712.00
 1072.91, 1736.00
 1073.15, 1742.00
 1073.40, 1622.00
 1073.64, 1674.00
 1073.89, 1550.00
 1074.13, 1893.00
 1074.37, 1864.00
 1074.62, 1421.00
 1074.86, 1746.00
 1075.10, 2243.00
 1075.35, 1730.00
 1075.59, 1813.00
 1075.83, 2007.00
 1076.08, 1804.00
 1076.32, 1678.00
 1076.57, 1482.00
 1076.81, 1583.00
 1077.05, 1746.00
 1077.30, 1567.00
 1077.54, 1451.00
 1077.78, 1668.00
 1078.03, 1795.00
 1078.27, 1844.00
 1078.51, 1656.00
 1078.76, 1528.00
 1079.00, 1862.00
 1079.24, 1889.00
 1079.49, 1550.00
 1079.73, 1652.00
 1079.97, 1772.00
 1080.22, 1549.00
 1080.46, 1408.00
 1080.71, 1786.00
 1080.95, 2113.00
 1081.19, 1896.00
 1081.44, 1725.00
 1081.68, 1818.00
 1081.92, 1885.00
 1082.17, 1714.00
 1082.41, 1435.00
 1082.65, 1597.00
 1082.90, 1837.00
 1083.14, 1759.00
 1083.38, 1638.00
 1083.63, 1641.00
 1083.87, 1707.00
 1084.11, 1782.00
 1084.36, 1700.00
 1084.60, 1767.00
 1084.84, 1825.00
 1085.09, 1702.00
 1085.33, 1560.00
 1085.57, 1672.00
 1085.81, 1866.00
 1086.06, 1703.00
 1086.30, 1601.00
 1086.54, 1720.00
 1086.79, 1884.00
 1087.03, 1834.00
 1087.27, 1827.00
 1087.52, 1690.00
 1087.76, 1802.00
 1088.00, 1865.00
 1088.25, 1689.00
 1088.49, 1706.00
 1088.73, 1881.00
 1088.98, 1902.00
 1089.22, 1465.00
 1089.46, 1557.00
 1089.71, 1773.00
 1089.95, 1804.00
 1090.19, 1510.00
 1090.43, 1509.00
 1090.68, 1905.00
 1090.92, 2064.00
 1091.16, 1512.00
 1091.41, 1446.00
 1091.65, 1826.00
 1091.89, 1946.00
 1092.14, 1602.00
 1092.38, 1602.00
 1092.62, 1917.00
 1092.86, 1791.00
 1093.11, 1625.00
 1093.35, 1727.00
 1093.59, 1751.00
 1093.84, 1662.00
 1094.08, 1508.00
 1094.32, 1486.00
 1094.56, 1840.00
 1094.81, 1828.00
 1095.05, 1608.00
 1095.29, 1592.00
 1095.54, 1787.00
 1095.78, 1874.00
 1096.02, 1609.00
 1096.26, 1707.00
 1096.51, 1753.00
 1096.75, 1628.00
 1096.99, 1666.00
 1097.24, 1680.00
 1097.48, 1763.00
 1097.72, 1712.00
 1097.96, 1433.00
 1098.21, 1593.00
 1098.45, 1971.00
 1098.69, 1823.00
 1098.93, 1552.00
 1099.18, 1574.00
 1099.42, 1859.00
 1099.66, 1910.00
 1099.90, 1557.00
 1100.15, 1623.00
 1100.39, 1788.00
 1100.63, 1607.00
 1100.88, 1492.00
 1101.12, 1550.00
 1101.36, 1799.00
 1101.60, 1715.00
 1101.85, 1674.00
 1102.09, 1750.00
 1102.33, 1925.00
 1102.57, 1933.00
 1102.82, 1760.00
 1103.06, 1661.00
 1103.30, 2032.00
 1103.54, 1873.00
 1103.79, 1655.00
 1104.03, 1705.00
 1104.27, 1905.00
 1104.51, 1873.00
 1104.76, 1471.00
 1105.00, 1534.00
 1105.24, 1859.00
 1105.48, 1646.00
 1105.73, 1669.00
 1105.97, 2048.00
 1106.21, 2002.00
 1106.45, 1770.00
 1106.70, 1340.00
 1106.94, 1462.00
 1107.18, 1641.00
 1107.42, 1548.00
 1107.66, 1378.00
 1107.91, 1522.00
 1108.15, 1987.00
 1108.39, 1858.00
 1108.63, 1712.00
 1108.88, 1784.00
 1109.12, 1862.00
 1109.36, 1829.00
 1109.60, 1523.00
 1109.85, 1416.00
 1110.09, 1649.00
 1110.33, 1719.00
 1110.57, 1404.00
 1110.81, 1600.00
 1111.06, 1837.00
 1111.30, 1653.00
 1111.54, 1581.00
 1111.78, 1850.00
 1112.03, 1904.00
 1112.27, 1729.00
 1112.51, 1549.00
 1112.75, 1689.00
 1112.99, 1661.00
 1113.24, 1470.00
 1113.48, 1374.00
 1113.72, 1602.00
 1113.96, 1714.00
 1114.20, 1704.00
 1114.45, 1685.00
 1114.69, 1766.00
 1114.93, 1657.00
 1115.17, 1651.00
 1115.41, 1472.00
 1115.66, 1617.00
 1115.90, 1887.00
 1116.14, 1953.00
 1116.38, 1701.00
 1116.62, 1629.00
 1116.87, 2044.00
 1117.11, 1864.00
 1117.35, 1527.00
 1117.59, 1478.00
 1117.83, 1797.00
 1118.08, 1758.00
 1118.32, 1638.00
 1118.56, 1806.00
 1118.80, 1910.00
 1119.04, 1672.00
 1119.29, 1457.00
 1119.53, 1513.00
 1119.77, 1761.00
 1120.01, 1834.00
 1120.25, 1597.00
 1120.49, 1753.00
 1120.74, 1928.00
 1120.98, 1814.00
 1121.22, 1583.00
 1121.46, 1560.00
 1121.70, 1877.00
 1121.94, 1977.00
 1122.19, 1638.00
 1122.43, 1768.00
 1122.67, 1954.00
 1122.91, 1777.00
 1123.15, 1508.00
 1123.40, 1742.00
 1123.64, 1930.00
 1123.88, 1742.00
 1124.12, 1698.00
 1124.36, 1571.00
 1124.60, 1686.00
 1124.85, 1635.00
 1125.09, 1399.00
 1125.33, 1617.00
 1125.57, 2010.00
 1125.81, 1858.00
 1126.05, 1600.00
 1126.29, 1683.00
 1126.54, 1933.00
 1126.78, 1822.00
 1127.02, 1598.00
 1127.26, 1489.00
 1127.50, 1755.00
 1127.74, 1739.00
 1127.99, 1633.00
 1128.23, 1578.00
 1128.47, 1910.00
 1128.71, 1844.00
 1128.95, 1611.00
 1129.19, 1467.00
 1129.43, 1687.00
 1129.68, 1760.00
 1129.92, 1644.00
 1130.16, 1638.00
 1130.40, 1789.00
 1130.64, 1848.00
 1130.88, 1629.00
 1131.12, 1745.00
 1131.37, 2188.00
 1131.61, 1803.00
 1131.85, 1544.00
 1132.09, 1574.00
 1132.33, 1900.00
 1132.57, 1850.00
 1132.81, 1401.00
 1133.05, 1510.00
 1133.30, 1781.00
 1133.54, 1861.00
 1133.78, 1745.00
 1134.02, 1640.00
 1134.26, 1777.00
 1134.50, 1709.00
 1134.74, 1605.00
 1134.98, 1540.00
 1135.23, 1762.00
 1135.47, 1597.00
 1135.71, 1416.00
 1135.95, 1623.00
 1136.19, 1832.00
 1136.43, 1687.00
 1136.67, 1549.00
 1136.91, 1724.00
 1137.16, 1884.00
 1137.40, 1902.00
 1137.64, 1504.00
 1137.88, 1565.00
 1138.12, 1904.00
 1138.36, 1731.00
 1138.60, 1466.00
 1138.84, 1556.00
 1139.08, 1763.00
 1139.32, 1560.00
 1139.57, 1432.00
 1139.81, 1512.00
 1140.05, 1732.00
 1140.29, 1816.00
 1140.53, 1677.00
 1140.77, 1728.00
 1141.01, 1960.00
 1141.25, 1812.00
 1141.49, 1722.00
 1141.73, 1815.00
 1141.98, 1855.00
 1142.22, 1698.00
 1142.46, 1477.00
 1142.70, 1428.00
 1142.94, 1593.00
 1143.18, 1614.00
 1143.42, 1547.00
 1143.66, 1713.00
 1143.90, 1939.00
 1144.14, 1724.00
 1144.38, 1446.00
 1144.63, 1480.00
 1144.87, 1925.00
 1145.11, 1783.00
 1145.35, 1549.00
 1145.59, 1710.00
 1145.83, 2019.00
 1146.07, 1795.00
 1146.31, 1582.00
 1146.55, 1667.00
 1146.79, 1820.00
 1147.03, 1634.00
 1147.27, 1512.00
 1147.51, 1681.00
 1147.75, 1814.00
 1148.00, 1753.00
 1148.24, 1399.00
 1148.48, 1700.00
 1148.72, 2057.00
 1148.96, 1605.00
 1149.20, 1399.00
 1149.44, 1651.00
 1149.68, 1940.00
 1149.92, 1721.00
 1150.16, 1613.00
 1150.40, 1660.00
 1150.64, 1988.00
 1150.88, 1727.00
 1151.12, 1550.00
 1151.36, 1744.00
 1151.60, 1989.00
 1151.84, 1821.00
 1152.09, 1611.00
 1152.33, 1817.00
 1152.57, 1998.00
 1152.81, 1815.00
 1153.05, 1439.00
 1153.29, 1577.00
 1153.53, 1955.00
 1153.77, 1846.00
 1154.01, 1674.00
 1154.25, 1952.00
 1154.49, 2042.00
 1154.73, 1890.00
 1154.97, 1681.00
 1155.21, 1667.00
 1155.45, 1831.00
 1155.69, 1811.00
 1155.93, 1565.00
 1156.17, 1612.00
 1156.41, 1958.00
 1156.65, 1745.00
 1156.89, 1394.00
 1157.13, 1675.00
 1157.37, 1859.00
 1157.61, 1792.00
 1157.85, 1565.00
 1158.09, 1581.00
 1158.33, 1751.00
 1158.58, 1677.00
 1158.82, 1488.00
 1159.06, 1681.00
 1159.30, 1787.00
 1159.54, 1853.00
 1159.78, 1977.00
 1160.02, 2313.00
 1160.26, 1931.00
 1160.50, 1854.00
 1160.74, 1612.00
 1160.98, 1726.00
 1161.22, 1763.00
 1161.46, 1705.00
 1161.70, 1500.00
 1161.94, 1590.00
 1162.18, 1906.00
 1162.42, 1972.00
 1162.66, 1489.00
 1162.90, 1602.00
 1163.14, 2064.00
 1163.38, 1978.00
 1163.62, 1468.00
 1163.86, 1517.00
 1164.10, 1722.00
 1164.34, 1711.00
 1164.58, 1391.00
 1164.82, 1557.00
 1165.06, 1884.00
 1165.30, 1913.00
 1165.54, 1515.00
 1165.78, 1610.00
 1166.02, 1893.00
 1166.26, 1665.00
 1166.50, 1486.00
 1166.74, 1682.00
 1166.98, 1898.00
 1167.22, 1712.00
 1167.46, 1505.00
 1167.70, 1627.00
 1167.94, 1842.00
 1168.18, 1822.00
 1168.42, 1660.00
 1168.66, 1698.00
 1168.90, 2044.00
 1169.14, 1807.00
 1169.38, 1579.00
 1169.61, 1699.00
 1169.85, 1997.00
 1170.09, 1847.00
 1170.33, 1497.00
 1170.57, 1740.00
 1170.81, 2090.00
 1171.05, 2063.00
 1171.29, 1585.00
 1171.53, 1704.00
 1171.77, 1953.00
 1172.01, 1882.00
 1172.25, 1557.00
 1172.49, 1567.00
 1172.73, 1959.00
 1172.97, 1828.00
 1173.21, 1666.00
 1173.45, 1645.00
 1173.69, 2015.00
 1173.93, 1799.00
 1174.17, 1575.00
 1174.41, 1718.00
 1174.65, 1895.00
 1174.89, 1801.00
 1175.13, 1444.00
 1175.37, 1515.00
 1175.61, 1883.00
 1175.85, 1923.00
 1176.08, 1457.00
 1176.32, 1718.00
 1176.56, 2132.00
 1176.80, 1848.00
 1177.04, 1590.00
 1177.28, 1819.00
 1177.52, 2076.00
 1177.76, 1847.00
 1178.00, 1747.00
 1178.24, 1744.00
 1178.48, 1953.00
 1178.72, 1906.00
 1178.96, 1485.00
 1179.20, 1498.00
 1179.44, 2002.00
 1179.68, 1894.00
 1179.92, 1589.00
 1180.15, 1773.00
 1180.39, 2034.00
 1180.63, 1934.00
 1180.87, 1639.00
 1181.11, 1882.00
 1181.35, 2250.00
 1181.59, 2099.00
 1181.83, 1543.00
 1182.07, 1664.00
 1182.31, 1871.00
 1182.55, 1677.00
 1182.79, 1381.00
 1183.03, 1651.00
 1183.26, 1920.00
 1183.50, 1889.00
 1183.74, 1562.00
 1183.98, 1632.00
 1184.22, 1905.00
 1184.46, 1953.00
 1184.70, 1749.00
 1184.94, 1716.00
 1185.18, 1837.00
 1185.42, 1713.00
 1185.66, 1391.00
 1185.89, 1469.00
 1186.13, 1812.00
 1186.37, 1784.00
 1186.61, 1397.00
 1186.85, 1597.00
 1187.09, 1899.00
 1187.33, 1729.00
 1187.57, 1448.00
 1187.81, 1629.00
 1188.05, 1902.00
 1188.29, 1728.00
 1188.52, 1374.00
 1188.76, 1562.00
 1189.00, 1859.00
 1189.24, 1661.00
 1189.48, 1466.00
 1189.72, 1634.00
 1189.96, 1853.00
 1190.20, 1757.00
 1190.44, 1349.00
 1190.67, 1601.00
 1190.91, 1913.00
 1191.15, 1687.00
 1191.39, 1344.00
 1191.63, 1509.00
 1191.87, 1751.00
 1192.11, 1641.00
 1192.35, 1490.00
 1192.58, 1740.00
 1192.82, 1977.00
 1193.06, 1766.00
 1193.30, 1516.00
 1193.54, 1802.00
 1193.78, 2136.00
 1194.02, 1900.00
 1194.26, 1632.00
 1194.49, 1617.00
 1194.73, 1841.00
 1194.97, 1752.00
 1195.21, 1465.00
 1195.45, 1544.00
 1195.69, 1815.00
 1195.93, 1796.00
 1196.17, 1446.00
 1196.40, 1554.00
 1196.64, 1917.00
 1196.88, 1900.00
 1197.12, 1727.00
 1197.36, 1548.00
 1197.60, 1811.00
 1197.84, 1786.00
 1198.07, 1823.00
 1198.31, 1802.00
 1198.55, 2000.00
 1198.79, 1712.00
 1199.03, 1444.00
 1199.27, 1694.00
 1199.51, 1813.00
 1199.74, 1672.00
 1199.98, 1601.00
 1200.22, 1591.00
 1200.46, 1992.00
 1200.70, 1895.00
 1200.94, 1481.00
 1201.17, 1838.00
 1201.41, 2087.00
 1201.65, 1868.00
 1201.89, 1640.00
 1202.13, 1587.00
 1202.37, 1876.00
 1202.60, 1703.00
 1202.84, 1658.00
 1203.08, 1576.00
 1203.32, 1876.00
 1203.56, 1655.00
 1203.80, 1503.00
 1204.03, 1784.00
 1204.27, 1881.00
 1204.51, 1669.00
 1204.75, 1422.00
 1204.99, 1458.00
 1205.23, 1901.00
 1205.46, 1736.00
 1205.70, 1370.00
 1205.94, 1513.00
 1206.18, 1798.00
 1206.42, 1788.00
 1206.65, 1537.00
 1206.89, 1645.00
 1207.13, 1779.00
 1207.37, 1785.00
 1207.61, 1593.00
 1207.85, 1649.00
 1208.08, 1802.00
 1208.32, 1784.00
 1208.56, 1585.00
 1208.80, 1515.00
 1209.04, 1748.00
 1209.27, 1631.00
 1209.51, 1410.00
 1209.75, 1672.00
 1209.99, 1962.00
 1210.23, 1576.00
 1210.46, 1314.00
 1210.70, 1603.00
 1210.94, 1862.00
 1211.18, 1528.00
 1211.42, 1359.00
 1211.65, 2013.00
 1211.89, 2663.00
 1212.13, 1858.00
 1212.37, 1635.00
 1212.61, 1611.00
 1212.84, 1910.00
 1213.08, 1759.00
 1213.32, 1439.00
 1213.56, 1511.00
 1213.80, 1874.00
 1214.03, 1820.00
 1214.27, 1674.00
 1214.51, 1782.00
 1214.75, 2174.00
 1214.98, 1983.00
 1215.22, 1591.00
 1215.46, 1537.00
 1215.70, 1861.00
 1215.94, 1716.00
 1216.17, 1589.00
 1216.41, 1565.00
 1216.65, 1914.00
 1216.89, 1954.00
 1217.12, 1429.00
 1217.36, 1542.00
 1217.60, 2043.00
 1217.84, 1961.00
 1218.08, 1758.00
 1218.31, 2165.00
 1218.55, 2168.00
 1218.79, 1748.00
 1219.03, 1404.00
 1219.26, 1520.00
 1219.50, 1785.00
 1219.74, 1799.00
 1219.98, 1444.00
 1220.21, 1598.00
 1220.45, 1950.00
 1220.69, 1866.00
 1220.93, 1790.00
 1221.16, 1893.00
 1221.40, 1841.00
 1221.64, 1942.00
 1221.88, 1795.00
 1222.11, 1682.00
 1222.35, 2001.00
